INSERT INTO public.files_spr (code, name, filename, en_name, type, created_at, updated_at, deleted_at) VALUES 
('production_graph', 'Производственный граф', 'production_graph.xlsx', 'production_graph', 'Excel', '2022-09-12 13:58:22', '2022-09-12 13:58:22', NULL)
,('production_plan', 'План производства', 'production_plan.xlsx', 'production_plan', 'Excel', '2022-09-12 13:58:22', '2022-09-12 13:58:22', NULL)
,('macroeconomics', 'Макроэкономика', 'macroeconomics.xlsx', 'macroeconomics', 'Excel', '2022-09-12 13:58:22', '2022-09-12 13:58:22', NULL)
,('cost', 'Себестоимость', 'cost.xlsx', 'cost', 'Excel', '2022-09-12 13:58:22', '2022-09-12 13:58:22', NULL)
,('invest_event', 'Инвестиционная программа', 'invest_event.xlsx', 'invest_event', 'Excel', '2022-09-12 13:58:22', '2022-09-12 13:58:22', NULL)
,('operational_event', 'Операционная программа', 'operational_event.xlsx', 'operational_event', 'Excel', '2022-09-12 13:58:22', '2022-09-12 13:58:22', NULL)
,('reestr_tpr', 'Реестр технико-производственных рисков', 'reestr_tpr.xlsx', 'reestr_tpr', 'Excel', '2022-09-12 13:58:22', '2022-09-12 13:58:22', NULL)
,('failure_shedule', 'Запланированные вручную события', 'failure_shedule.xlsx', 'failure_shedule', 'Excel', '2022-09-12 13:58:22', '2022-09-12 13:58:22', NULL)
,('pnd', 'План непрерывности деятельности', 'pnd.xlsx', 'pnd', 'Excel', '2022-09-12 13:58:22', '2022-09-12 13:58:22', NULL)
,( 'spravochnik_business_orgs_spr', 'Справочник Бизнес-единицы', 'spravochnik_business_orgs_spr.xlsx', 'business_orgs', 'Excel', '2022-09-12 13:58:22', '2022-09-12 13:58:22', NULL)
,( 'spravochnik_production_units_spr', 'Справочник Производственные единицы', 'spravochnik_production_units_spr.xlsx', 'production_units', 'Excel', '2022-09-12 13:58:22', '2022-09-12 13:58:22', NULL)
,( 'spravochnik_redevs_spr', 'Справочник Переделы ', 'spravochnik_redevs_spr.xlsx', 'redevs', 'Excel', '2022-09-12 13:58:22', '2022-09-12 13:58:22', NULL)
,( 'spravochnik_products_spr', 'Справочник Продукты', 'spravochnik_products_spr.xlsx', 'products', 'Excel', '2022-09-12 13:58:22', '2022-09-12 13:58:22', NULL)
,( 'spravochnik_logical_nodes_spr', 'Справочник Логические узлы', 'spravochnik_logical_nodes_spr.xlsx', 'logical_nodes', 'Excel', '2022-09-12 13:58:22', '2022-09-12 13:58:22', NULL)
,( 'spravochnik_transport_spr', 'Справочник Транспорт', 'spravochnik_transport_spr.xlsx', 'transport', 'Excel', '2022-09-12 13:58:22', '2022-09-12 13:58:22', NULL)
,( 'spravochnik_warehouse_spr', 'Справочник Склады', 'spravochnik_warehouse_spr.xlsx', 'warehouse', 'Excel', '2022-09-12 13:58:22', '2022-09-12 13:58:22', NULL)
( 'spravochnik_departments_spr', 'Справочник Цеха', 'spravochnik_departments_spr.xlsx', 'departments', 'Excel', '2022-09-12 13:58:22', '2022-09-12 13:58:22', NULL)
,( 'spravochnik_transport_type_spr', 'Справочник Типы транспорта', 'spravochnik_transport_type_spr.xlsx', 'transport_type', 'Excel', '2022-09-12 13:58:22', '2022-09-12 13:58:22', NULL)
,( 'spravochnik_units_spr', 'Справочник Единицы измерения', 'spravochnik_units_spr.xlsx', 'units', 'Excel', '2022-09-12 13:58:22', '2022-09-12 13:58:22', NULL)
,( 'spravochnik_damage_level_spr', 'Справочник Уровень ущерба', 'spravochnik_damage_level_spr.xlsx', 'damage_level', 'Excel', '2022-09-12 13:58:22', '2022-09-12 13:58:22', NULL)
,( 'spravochnik_fcos_spr', 'Справочник ФЦО', 'spravochnik_fcos_spr.xlsx', 'fcos', 'Excel', '2022-09-12 13:58:22', '2022-09-12 13:58:22', NULL)
,( 'spravochnik_files_spr', 'Справочник Файлы', 'spravochnik_files_spr.xlsx', 'files', 'Excel', '2022-09-12 13:58:22', '2022-09-12 13:58:22', NULL)
,( 'spravochnik_components_spr', 'Справочник Компоненты', 'spravochnik_components_spr.xlsx', 'components', 'Excel', '2022-09-12 13:58:22', '2022-09-12 13:58:22', NULL)
,( 'spravochnik_currencies_spr', 'Справочник Валюты', 'spravochnik_currencies_spr.xlsx', 'currencies', 'Excel', '2022-09-12 13:58:22', '2022-09-12 13:58:22', NULL)
,( 'spravochnik_equipment_types_spr', 'Справочник Типы ЕО', 'spravochnik_equipment_types_spr.xlsx', 'equipment_types', 'Excel', '2022-09-12 13:58:22', '2022-09-12 13:58:22', NULL)
,( 'spravochnik_event_types_spr', 'Справочник Типы мероприятий', 'spravochnik_event_types_spr.xlsx', 'event_types', 'Excel', '2022-09-12 13:58:22', '2022-09-12 13:58:22', NULL)
,( 'spravochnik_invest_types_spr', 'Справочник Вид инвестиций', 'spravochnik_invest_types_spr.xlsx', 'invest_types', 'Excel', '2022-09-12 13:58:22', '2022-09-12 13:58:22', NULL)
,( 'spravochnik_cost_types_spr', 'Справочник Типы затрат', 'spravochnik_cost_types_spr.xlsx', 'cost_types', 'Excel', '2022-09-12 13:58:22', '2022-09-12 13:58:22', NULL)
,( 'spravochnik_criticals_spr', 'Справочник Индекс критичности АВС ЕО', 'spravochnik_criticals_spr.xlsx', 'criticals', 'Excel', '2022-09-12 13:58:22', '2022-09-12 13:58:22', NULL)
,( 'spravochnik_index_score_level_spr', 'Справочник "Границы показателей"', 'spravochnik_index_score_level_spr.xlsx', 'index_score_level', 'Excel', '2022-09-12 13:58:22', '2022-09-12 13:58:22', NULL)
,( 'spravochnik_reports_spr', 'Справочник Отчеты', 'spravochnik_reports_spr.xlsx', 'reports', 'Excel', '2022-09-12 13:58:22', '2022-09-12 13:58:22', NULL)
,( 'spravochnik_business_algorythms_spr', 'Справочник Бизнес-алгоритмы', 'spravochnik_business_algorythms_spr.xlsx', 'business_algorythms', 'Excel', '2022-09-12 13:58:22', '2022-09-12 13:58:22', NULL);


INSERT INTO public.currencies_spr (code, en_code, units, base_currency, name, created_at, updated_at, deleted_at) VALUES
('840', 'USD', 1, 0, 'Доллар США', '2022-10-18 12:51:15', '2022-10-18 12:51:15', NULL),
('978', 'EUR', 1, 0, 'Евро', '2022-10-18 12:51:15', '2022-10-18 12:51:15', NULL),
('156', 'CNY', 10, 0, 'Китайский юань', '2022-10-18 12:51:15', '2022-10-18 12:51:15', NULL),
( '643', 'RUB', 1, 1, 'Российский рубль', '2022-10-18 12:51:15', '2022-10-18 12:51:15', NULL);


INSERT INTO public.units_spr (unit_code, k_kg, base_mass, short_name, unit_name, created_at, updated_at, deleted_at) VALUES
('%', 1, 0, 'PR', 'Процент', '2022-10-18 12:51:21', '2022-10-18 12:51:21', NULL),
('Г', 0.001, 0, 'GR', 'Грамм', '2022-10-18 12:51:21', '2022-10-18 12:51:21', NULL),
('Г/T', 1000, 1, 'GT', 'Грамм на тонну', '2022-10-18 12:51:21', '2022-10-18 12:51:21', NULL),
('КГ', 0.031103476799999998, 0, 'KG', 'Килограмм', '2022-10-18 12:51:21', '2022-10-18 12:51:21', NULL),
('М3', NULL, 0, 'M3', 'Кубический метр', '2022-10-18 12:51:21', '2022-10-18 12:51:21', NULL),
('Т', NULL, 0, 'TON', 'Тонна', '2022-10-18 12:51:21', '2022-10-18 12:51:21', NULL),
('ТУЦ', NULL, 0, 'TRO', 'Тройская унция', '2022-10-18 12:51:21', '2022-10-18 12:51:21', NULL),
('ФНТ', NULL, 0, 'LB', 'Фунт', '2022-10-18 12:51:21', '2022-10-18 12:51:21', NULL),
('УНЦ', NULL, 0, 'O', 'Унция', '2022-10-18 12:51:21', '2022-10-18 12:51:21', NULL);


INSERT INTO public.components_spr (component_code, en_code, component_name, unit_code, group_code, priznak_graph, content_unit_code, extract_unit_code, created_at, updated_at, deleted_at) VALUES
('NI', 'Ni', 'Никель', 'Т', 'ЦМ', 'Ni', '%', '%', '2022-10-18 12:51:26', '2022-10-18 12:51:26', NULL),
('CU', 'Cu', 'Медь', 'Т', 'ЦМ', 'Cu', '%', '%', '2022-10-18 12:51:26', '2022-10-18 12:51:26', NULL),
('CO', 'Co', 'Кобальт', 'Т', 'ЦМ', 'N/A', '%', '%', '2022-10-18 12:51:26', '2022-10-18 12:51:26', NULL),
('AU', 'Au', 'Золото', 'КГ', 'ДМ', 'N/A', 'Г/T', '%', '2022-10-18 12:51:26', '2022-10-18 12:51:26', NULL),
('AG', 'Ag', 'Серебро', 'КГ', 'ДМ', 'N/A', 'Г/T', '%', '2022-10-18 12:51:26', '2022-10-18 12:51:26', NULL),
('S', 'S', 'Сера', 'Т', 'ЦМ', 'N/A', '%', '%', '2022-10-18 12:51:26', '2022-10-18 12:51:26', NULL),
('SE', 'Se', 'Селен', 'Т', 'N/A', 'N/A', '%', '%', '2022-10-18 12:51:26', '2022-10-18 12:51:26', NULL),
('TE', 'Te', 'Теллур', 'Т', 'N/A', 'N/A', '%', '%', '2022-10-18 12:51:26', '2022-10-18 12:51:26', NULL),
('LI', 'Li', 'Литий', 'Т', 'N/A', 'N/A', '%', '%', '2022-10-18 12:51:26', '2022-10-18 12:51:26', NULL),
( 'S_MPG', 'S_mpg', 'МПГ', 'КГ', 'ДМ', 'N/A', 'Г/T', '%', '2022-10-18 12:51:26', '2022-10-18 12:51:26', NULL),
( 'RU', 'Ru', 'Рутений', 'КГ', 'ДМ', 'МПГ', 'Г/T', '%', '2022-10-18 12:51:26', '2022-10-18 12:51:26', NULL),
( 'RH', 'Rh', 'Родий', 'КГ', 'ДМ', 'МПГ', 'Г/T', '%', '2022-10-18 12:51:26', '2022-10-18 12:51:26', NULL),
( 'PD', 'Pd', 'Палладий', 'КГ', 'ДМ', 'МПГ', 'Г/T', '%', '2022-10-18 12:51:26', '2022-10-18 12:51:26', NULL),
( 'IR', 'Ir', 'Иридий', 'КГ', 'ДМ', 'МПГ', 'Г/T', '%', '2022-10-18 12:51:26', '2022-10-18 12:51:26', NULL),
( 'PT', 'Pt', 'Платина', 'КГ', 'ДМ', 'МПГ', 'Г/T', '%', '2022-10-18 12:51:26', '2022-10-18 12:51:26', NULL);

INSERT INTO public.business_orgs_spr ( business_org_code, short_name, node_name, created_at, updated_at, deleted_at) VALUES
( '0101', 'ЗФ', 'ПАО ГМК НН филиал ЗФ', '2022-10-18 12:51:31', '2022-10-18 12:51:31', NULL),
( '0200', 'КГМК', 'АО Кольская ГМК', '2022-10-18 12:51:31', '2022-10-18 12:51:31', NULL),
( '4900', 'МР', 'ООО "Медвежий ручей"', '2022-10-18 12:51:31', '2022-10-18 12:51:31', NULL),
( '0102', 'ЗТФ', 'Заполярный транспортный филиал', '2022-10-18 12:51:31', '2022-10-18 12:51:31', NULL),
( '0000', 'СтП ЗФ', 'Сторонние поставщики ЗФ', '2022-10-18 12:51:31', '2022-10-18 12:51:31', NULL),
( '0001', 'СтП КГМК', 'Сторонние поставщики КГМК', '2022-10-18 12:51:31', '2022-10-18 12:51:31', NULL);


INSERT INTO public.production_units_spr (production_unit_code, node_type, business_org_code, short_name, node_name, created_at, updated_at, deleted_at) VALUES
('0200-RSEV', 'E', '0200', 'РС', 'Рудник Северный', '2022-10-18 12:51:40', '2022-10-18 12:51:40', NULL),
('0200-VSPC', 'E', '0200', 'ВСПЦ', 'Вспомогательные цеха', '2022-10-18 12:51:40', '2022-10-18 12:51:40', NULL),
('0200-ENGC', 'E', '0200', 'ЦЭО', 'Центр энергообеспечения', '2022-10-18 12:51:40', '2022-10-18 12:51:40', NULL),
('0200-MECO', 'E', '0200', 'МК', 'Металлургический комплекс', '2022-10-18 12:51:40', '2022-10-18 12:51:40', NULL),
('0200-NPCH', 'E', '0200', 'НПЦ', 'Непроизводственные цеха', '2022-10-18 12:51:40', '2022-10-18 12:51:40', NULL),
('0200-OBCO', 'E', '0200', 'ОФ', 'Обогатительный комплекс', '2022-10-18 12:51:40', '2022-10-18 12:51:40', NULL),
('4900-NOBF', 'E', '4900', 'НОФ', 'НОФ', '2022-10-18 12:51:40', '2022-10-18 12:51:40', NULL),
('4900-RZAP', 'E', '4900', 'РЗ', 'Рудник "Заполярный"', '2022-10-18 12:51:40', '2022-10-18 12:51:40', NULL),
('0101-138S', 'E', '0101', 'НПТ', 'АТО "Норильскпромтранспорт"', '2022-10-18 12:51:40', '2022-10-18 12:51:40', NULL),
( '0101-CATK', 'E', '0101', 'ЦАТК', 'ЦАТК', '2022-10-18 12:51:40', '2022-10-18 12:51:40', NULL),
( '0101-CNGS', 'E', '0101', 'ЦНГТС', 'ЦНГТС', '2022-10-18 12:51:40', '2022-10-18 12:51:40', NULL),
( '0101-MEDN', 'E', '0101', 'МЗ', 'Медный завод', '2022-10-18 12:51:40', '2022-10-18 12:51:40', NULL),
( '0101-NMZK', 'E', '0101', 'НМЗ', 'НМЗ', '2022-10-18 12:51:40', '2022-10-18 12:51:40', NULL),
( '0101-PTZT', 'E', '0101', 'ПТЖТ', 'ПТЖТ', '2022-10-18 12:51:40', '2022-10-18 12:51:40', NULL),
( '0101-RKOM', 'E', '0101', 'РК', 'Рудник "Комсомольский"', '2022-10-18 12:51:40', '2022-10-18 12:51:40', NULL),
( '0101-RMAY', 'E', '0101', 'РМ', 'Рудник "Маяк"', '2022-10-18 12:51:40', '2022-10-18 12:51:40', NULL),
( '0101-ROKT', 'E', '0101', 'РО', 'Рудник "Октябрьский"', '2022-10-18 12:51:40', '2022-10-18 12:51:40', NULL),
( '0101-RSKL', 'E', '0101', 'РС', 'Рудник "Скалистый"', '2022-10-18 12:51:40', '2022-10-18 12:51:40', NULL),
( '0101-RTAI', 'E', '0101', 'РТ', 'Рудник "Таймырский"', '2022-10-18 12:51:40', '2022-10-18 12:51:40', NULL),
( '0101-SPGT', 'E', '0101', 'СПГТ', 'СПГТ', '2022-10-18 12:51:40', '2022-10-18 12:51:40', NULL),
( '0101-TOF0', 'E', '0101', 'ТОФ', 'ТОФ', '2022-10-18 12:51:40', '2022-10-18 12:51:40', NULL),
( '0102-2000', 'E', '0102', 'ЗТФ', 'ЗТФ', '2022-10-18 12:51:40', '2022-10-18 12:51:40', NULL),
( '0000-0000', 'E', '0000', 'СтП ЗФ', 'Сторонние поставщики ЗФ', '2022-10-18 12:51:40', '2022-10-18 12:51:40', NULL),
( '0001-0001', 'E', '0001', 'СтП КГМК', 'Сторонние поставщики КГМК', '2022-10-18 12:51:40', '2022-10-18 12:51:40', NULL);


INSERT INTO public.redevs_spr (node_code, node_name, short_name, node_type, business_org_code, production_unit_code, level, delay_time, max_power, nzp_max_volume, period, created_at, updated_at, deleted_at) VALUES
('DR-0211', 'Добыча руды КГМК Рудник Северный', 'Добыча руды КГМК Рудник Северный', 'I', '0200', '0200-RSEV', 0, NULL, NULL, NULL, NULL, '2022-10-18 12:51:49', '2022-10-18 12:51:49', NULL),
('DR-0212', 'Добыча руды КГМК Шахта"Каула-Котсельваара"', 'Добыча руды КГМК Шахта"Каула-Котсельваара"', 'I', '0200', '0200-RSEV', 0, NULL, NULL, NULL, NULL, '2022-10-18 12:51:49', '2022-10-18 12:51:49', NULL),
('OR-0211', 'Обогащение руды', 'Обогащение руды', 'P', '0200', '0200-OBCO', 0, NULL, NULL, NULL, NULL, '2022-10-18 12:51:49', '2022-10-18 12:51:49', NULL),
('RF-0210', 'Разделение файнштейна (ОРФ РЦ)', 'Разделение файнштейна (ОРФ РЦ)', 'P', '0200', '0200-MECO', 0, NULL, NULL, NULL, NULL, '2022-10-18 12:51:49', '2022-10-18 12:51:49', NULL),
('OK-0210', 'Обжиг и восстановительная плавка концентрата никелевого (ОПО РЦ)', 'Обжиг и восстановительная плавка концентрата никелевого (ОПО РЦ)', 'P', '0200', '0200-MECO', 0, NULL, NULL, NULL, NULL, '2022-10-18 12:51:49', '2022-10-18 12:51:49', NULL),
('O1-0210', 'Обжиг концентрата никелевого (ОО РЦ)', 'Обжиг концентрата никелевого (ОО РЦ)', 'P', '0200', '0200-MECO', 0, NULL, NULL, NULL, NULL, '2022-10-18 12:51:49', '2022-10-18 12:51:49', NULL),
('O2-0210', 'Выплавка никелевых гранул (ЭПО РЦ Свинделл)', 'Выплавка никелевых гранул (ЭПО РЦ Свинделл)', 'P', '0200', '0200-MECO', 0, NULL, NULL, NULL, NULL, '2022-10-18 12:51:49', '2022-10-18 12:51:49', NULL),
('O3-0210', 'Выплавка анодов (ЭПО РЦ)', 'Выплавка анодов (ЭПО РЦ)', 'P', '0200', '0200-MECO', 0, NULL, NULL, NULL, NULL, '2022-10-18 12:51:49', '2022-10-18 12:51:49', NULL),
('E1-0210', 'Электролитическое рафинирование никеля (ЦЭН-1)', 'Электролитическое рафинирование никеля (ЦЭН-1)', 'P', '0200', '0200-MECO', 0, NULL, NULL, NULL, NULL, '2022-10-18 12:51:49', '2022-10-18 12:51:49', NULL),
( 'E2-0210', 'Электролитическое рафинирование никеля (ЦЭН-2)', 'Электролитическое рафинирование никеля (ЦЭН-2)', 'P', '0200', '0200-MECO', 0, NULL, NULL, NULL, NULL, '2022-10-18 12:51:49', '2022-10-18 12:51:49', NULL),
( 'NC-0210', 'Производство никеля карбонильного (ОКН ЦЭН)', 'Производство никеля карбонильного (ОКН ЦЭН)', 'P', '0200', '0200-MECO', 0, NULL, NULL, NULL, NULL, '2022-10-18 12:51:49', '2022-10-18 12:51:49', NULL),
( 'CO-0210', 'Производство кобальта (Со 3000)', 'Производство кобальта (Со 3000)', 'P', '0200', '0200-MECO', 0, NULL, NULL, NULL, NULL, '2022-10-18 12:51:49', '2022-10-18 12:51:49', NULL),
( 'KP-0210', 'Производство КП ДМ', 'Производство КП ДМ', 'P', '0200', '0200-MECO', 0, NULL, NULL, NULL, NULL, '2022-10-18 12:51:49', '2022-10-18 12:51:49', NULL),
( 'FM-0210', 'ХМЦ (участок флотации)', 'ХМЦ (участок флотации)', 'P', '0200', '0200-MECO', 0, NULL, NULL, NULL, NULL, '2022-10-18 12:51:49', '2022-10-18 12:51:49', NULL),
( 'AM-0210', 'Производство анодов медных (ПУ МЦ)', 'Производство анодов медных (ПУ МЦ)', 'P', '0200', '0200-MECO', 0, NULL, NULL, NULL, NULL, '2022-10-18 12:51:49', '2022-10-18 12:51:49', NULL),
( 'IC-301W', 'Дооценка Концентрата медного ИФЦ НОФ (IC)', 'Дооценка Концентрата медного ИФЦ НОФ (IC)', 'P', '4900', '4900-NOBF', 0, NULL, NULL, NULL, NULL, '2022-10-18 12:51:49', '2022-10-18 12:51:49', NULL),
( 'I2-301W', 'Объединение медных концентратов с IC и N2', 'Объединение медных концентратов с IC и N2', 'P', '4900', '4900-NOBF', 0, NULL, NULL, NULL, NULL, '2022-10-18 12:51:49', '2022-10-18 12:51:49', NULL),
( 'IF-301W', 'Объединение концентратов (ИФЦ)', 'Объединение концентратов (ИФЦ)', 'P', '4900', '4900-NOBF', 0, NULL, NULL, NULL, NULL, '2022-10-18 12:51:49', '2022-10-18 12:51:49', NULL),
( 'NB-301W', 'Переработка медистых руд', 'Переработка медистых руд', 'P', '4900', '4900-NOBF', 0, NULL, NULL, NULL, NULL, '2022-10-18 12:51:49', '2022-10-18 12:51:49', NULL),
( 'NS-301W', 'Участок подъёма и сгущения никелевого концентрата', 'Участок подъёма и сгущения никелевого концентрата', 'P', '4900', '4900-NOBF', 0, NULL, NULL, NULL, NULL, '2022-10-18 12:51:49', '2022-10-18 12:51:49', NULL),
( 'NV-301W', 'Переработка вкрапленных и медистых руд', 'Переработка вкрапленных и медистых руд', 'P', '4900', '4900-NOBF', 0, NULL, NULL, NULL, NULL, '2022-10-18 12:51:49', '2022-10-18 12:51:49', NULL),
( 'D1-302W', 'Добыча руды (к.Заполярный)', 'Добыча руды (к.Заполярный)', 'I', '4900', '4900-RZAP', 0, NULL, NULL, NULL, NULL, '2022-10-18 12:51:49', '2022-10-18 12:51:49', NULL),
( 'DR-302W', 'Добыча руды (ш.Заполярная)', 'Добыча руды (ш.Заполярная)', 'I', '4900', '4900-RZAP', 0, NULL, NULL, NULL, NULL, '2022-10-18 12:51:49', '2022-10-18 12:51:49', NULL),
( 'DR-109W', 'Добыча руды р.Таймырский', 'Добыча руды р.Таймырский', 'I', '0101', '0101-RTAI', 0, NULL, NULL, NULL, NULL, '2022-10-18 12:51:49', '2022-10-18 12:51:49', NULL),
( 'DR-113W', 'Добыча руды р.Комсомольский', 'Добыча руды р.Комсомольский', 'I', '0101', '0101-RKOM', 0, NULL, NULL, NULL, NULL, '2022-10-18 12:51:49', '2022-10-18 12:51:49', NULL),
( 'DR-114W', 'Добыча руды р.Маяк', 'Добыча руды р.Маяк', 'I', '0101', '0101-RMAY', 0, NULL, NULL, NULL, NULL, '2022-10-18 12:51:49', '2022-10-18 12:51:49', NULL),
( 'DR-110W', 'Добыча руды р.Октябрьский', 'Добыча руды р.Октябрьский', 'I', '0101', '0101-ROKT', 0, NULL, NULL, NULL, NULL, '2022-10-18 12:51:49', '2022-10-18 12:51:49', NULL),
( 'DR-133W', 'Добыча руды р.Скалистый', 'Добыча руды р.Скалистый', 'I', '0101', '0101-RSKL', 0, NULL, NULL, NULL, NULL, '2022-10-18 12:51:49', '2022-10-18 12:51:49', NULL),
( 'TO-104W', 'Переработка богатых и медистых руд', 'Переработка богатых и медистых руд', 'P', '0101', '0101-TOF0', 0, NULL, NULL, NULL, NULL, '2022-10-18 12:51:49', '2022-10-18 12:51:49', NULL),
( 'GN-105W', 'Гидрометаллургический передел с флотацией шлака', 'Гидрометаллургический передел с флотацией шлака', 'P', '0101', '0101-NMZK', 0, NULL, NULL, NULL, NULL, '2022-10-18 12:51:49', '2022-10-18 12:51:49', NULL),
( 'SN-105W', 'Сгущение никель-сульфидного концентрата', 'Сгущение никель-сульфидного концентрата', 'P', '0101', '0101-NMZK', 0, NULL, NULL, NULL, NULL, '2022-10-18 12:51:49', '2022-10-18 12:51:49', NULL),
( 'PN-105W', 'Плавка в печах взвешенной плавки', 'Плавка в печах взвешенной плавки', 'P', '0101', '0101-NMZK', 0, NULL, NULL, NULL, NULL, '2022-10-18 12:51:49', '2022-10-18 12:51:49', NULL),
( 'ON-105W', 'Обеднительная электроплавка', 'Обеднительная электроплавка', 'P', '0101', '0101-NMZK', 0, NULL, NULL, NULL, NULL, '2022-10-18 12:51:49', '2022-10-18 12:51:49', NULL),
( 'CN-105W', 'Конвертирование никелевых штейнов', 'Конвертирование никелевых штейнов', 'P', '0101', '0101-NMZK', 0, NULL, NULL, NULL, NULL, '2022-10-18 12:51:49', '2022-10-18 12:51:49', NULL),
( 'PS-105W', 'Цеха подготовки сырья и шихты', 'Цеха подготовки сырья и шихты', 'P', '0101', '0101-NMZK', 0, NULL, NULL, NULL, NULL, '2022-10-18 12:51:49', '2022-10-18 12:51:49', NULL),
( 'TF-102W', 'Участок фильтрации медного концентрата', 'Участок фильтрации медного концентрата', 'P', '0101', '0101-MEDN', 0, NULL, NULL, NULL, NULL, '2022-10-18 12:51:49', '2022-10-18 12:51:49', NULL),
( 'SM-102W', 'Сушка медного концентрата', 'Сушка медного концентрата', 'P', '0101', '0101-MEDN', 0, NULL, NULL, NULL, NULL, '2022-10-18 12:51:49', '2022-10-18 12:51:49', NULL),
( 'PM-102W', 'Плавка в печах Ванюкова', 'Плавка в печах Ванюкова', 'P', '0101', '0101-MEDN', 0, NULL, NULL, NULL, NULL, '2022-10-18 12:51:49', '2022-10-18 12:51:49', NULL),
( 'GO-102W', 'Участок мокрой газоочистки', 'Участок мокрой газоочистки', 'P', '0101', '0101-MEDN', 0, NULL, NULL, NULL, NULL, '2022-10-18 12:51:49', '2022-10-18 12:51:49', NULL),
( 'PR-102W', 'Участок переработки растворов', 'Участок переработки растворов', 'P', '0101', '0101-MEDN', 0, NULL, NULL, NULL, NULL, '2022-10-18 12:51:49', '2022-10-18 12:51:49', NULL),
( 'SB-102W', 'Производство серы', 'Производство серы', 'P', '0101', '0101-MEDN', 0, NULL, NULL, NULL, NULL, '2022-10-18 12:51:49', '2022-10-18 12:51:49', NULL),
( 'KM-102W', 'Конвертирование медных штейнов', 'Конвертирование медных штейнов', 'P', '0101', '0101-MEDN', 0, NULL, NULL, NULL, NULL, '2022-10-18 12:51:49', '2022-10-18 12:51:49', NULL),
( 'AM-102W', 'Огневое рафинирование черновой меди', 'Огневое рафинирование черновой меди', 'P', '0101', '0101-MEDN', 0, NULL, NULL, NULL, NULL, '2022-10-18 12:51:49', '2022-10-18 12:51:49', NULL),
( 'RM-102W', 'Электролитическое рафинирование меди', 'Электролитическое рафинирование меди', 'P', '0101', '0101-MEDN', 0, NULL, NULL, NULL, NULL, '2022-10-18 12:51:49', '2022-10-18 12:51:49', NULL),
( 'KA-102W', 'Производство МПГ в анодах', 'Производство МПГ в анодах', 'P', '0101', '0101-MEDN', 0, NULL, NULL, NULL, NULL, '2022-10-18 12:51:49', '2022-10-18 12:51:49', NULL),
( 'KP-102W', 'Производство МПГ в КП', 'Производство МПГ в КП', 'P', '0101', '0101-MEDN', 0, NULL, NULL, NULL, NULL, '2022-10-18 12:51:49', '2022-10-18 12:51:49', NULL),
( 'AG-102W', 'Производство СЧП', 'Производство СЧП', 'P', '0101', '0101-MEDN', 0, NULL, NULL, NULL, NULL, '2022-10-18 12:51:49', '2022-10-18 12:51:49', NULL),
( 'BN-102W', 'Производство бисульфита натрия', 'Производство бисульфита натрия', 'P', '0101', '0101-MEDN', 0, NULL, NULL, NULL, NULL, '2022-10-18 12:51:49', '2022-10-18 12:51:49', NULL),
( 'SA-102W', 'Производство серной кислоты', 'Производство серной кислоты', 'P', '0101', '0101-MEDN', 0, NULL, NULL, NULL, NULL, '2022-10-18 12:51:49', '2022-10-18 12:51:49', NULL),
( 'HH-302W', 'Хвостохранилище НОФ', 'Хвостохранилище НОФ', 'G', '4900', '4900-NOBF', 0, NULL, NULL, NULL, NULL, '2022-10-18 12:51:49', '2022-10-18 12:51:49', NULL),
( 'ZK-109W', 'Закладка выработанного пространства рТ', 'Закладка выработанного пространства рТ', 'V', '0101', '0101-RTAI', 0, NULL, NULL, NULL, NULL, '2022-10-18 12:51:49', '2022-10-18 12:51:49', NULL),
( 'ZK-113W', 'Закладка выработанного пространства р.Комсомольский', 'Закладка выработанного пространства р.Комсомольский', 'V', '0101', '0101-RKOM', 0, NULL, NULL, NULL, NULL, '2022-10-18 12:51:49', '2022-10-18 12:51:49', NULL),
( 'ZK-114W', 'Закладка выработанного пространства р.Маяк', 'Закладка выработанного пространства р.Маяк', 'V', '0101', '0101-RMAY', 0, NULL, NULL, NULL, NULL, '2022-10-18 12:51:49', '2022-10-18 12:51:49', NULL),
( 'ZK-110W', 'Закладка выработанного пространства р.Октябрьский', 'Закладка выработанного пространства р.Октябрьский', 'V', '0101', '0101-ROKT', 0, NULL, NULL, NULL, NULL, '2022-10-18 12:51:49', '2022-10-18 12:51:49', NULL),
( 'ZK-133W', 'Закладка выработанного пространства р.Скалистый', 'Закладка выработанного пространства р.Скалистый', 'V', '0101', '0101-RSKL', 0, NULL, NULL, NULL, NULL, '2022-10-18 12:51:49', '2022-10-18 12:51:49', NULL),
( 'НН-104W', 'Хвостохранилище ТОФ', 'Хвостохранилище ТОФ', 'G', '0101', '0101-TOF0', 0, NULL, NULL, NULL, NULL, '2022-10-18 12:51:49', '2022-10-18 12:51:49', NULL),
( 'KS-105W', 'Обеспечение технологическим кислородом НМЗ', 'Обеспечение технологическим кислородом НМЗ', 'V', '0101', '0101-NMZK', 0, NULL, NULL, NULL, NULL, '2022-10-18 12:51:49', '2022-10-18 12:51:49', NULL),
( 'KS-102W', 'Обеспечение технологическим кислородом МЗ', 'Обеспечение технологическим кислородом МЗ', 'V', '0101', '0101-MEDN', 0, NULL, NULL, NULL, NULL, '2022-10-18 12:51:49', '2022-10-18 12:51:49', NULL);


INSERT INTO public.products_spr (product_code, business_org_code, production_unit_code, redev_code, product_name_sap, node_name, zavod_code, redev, node_type, is_cost_product, is_fix_content, fix_component_code, product_type, product_for, coeff_minus, created_at, updated_at, deleted_at) VALUES 
('1010040', '0200', '0200-RSEV', 'DR-0211', 'Руда сульфидная Cu-Ni АО "КГМК"', 'Руда сульфидная Cu-Ni АО "КГМК"', NULL, NULL, 'R', 'нет', NULL, NULL, 'Полуфабрикаты ', NULL, NULL, '2022-10-18 12:51:56', '2022-10-18 12:51:56', NULL),
('1010001', '0200', '0200-MECO', 'RF-0210', 'Файнштейн Cu-Ni ПАО "ГМК "НН"', 'Файнштейн Cu-Ni ПАО "ГМК "НН"', NULL, NULL, 'R', 'нет', NULL, NULL, 'Сырье ', NULL, NULL, '2022-10-18 12:51:56', '2022-10-18 12:51:56', NULL),
('1010101', '0200', '0200-MECO', 'RF-0210', 'RF Концентрат никелевый', 'RF Концентрат никелевый', NULL, NULL, 'R', 'нет', NULL, NULL, 'Полуфабрикаты ', NULL, NULL, '2022-10-18 12:51:56', '2022-10-18 12:51:56', NULL),
('1010103', '0200', '0200-MECO', 'RF-0210', 'RF Штейн никелевый', 'RF Штейн никелевый', '0210', 'RF', 'R', 'да', 'нет', NULL, 'Готовая продукция', 'Общий', 1, '2022-10-18 12:51:56', '2022-10-18 12:51:56', NULL),
('1010105', '0200', '0200-MECO', 'RF-0210', 'RF Файнштейн никелевый', 'RF Файнштейн никелевый', '0210', 'RF', 'R', 'да', 'нет', NULL, 'Готовая продукция', 'Общий', 1, '2022-10-18 12:51:56', '2022-10-18 12:51:56', NULL),
('1010106', '0200', '0200-MECO', 'RF-0210', 'RF Штейн медный', 'RF Штейн медный', '0210', 'RF', 'R', 'да', 'нет', NULL, 'Готовая продукция', 'КГМК', 1, '2022-10-18 12:51:56', '2022-10-18 12:51:56', NULL),
('1010121', '0200', '0200-MECO', 'OK-0210', 'OK Аноды никелевые', 'OK Аноды никелевые', NULL, NULL, 'R', 'нет', NULL, NULL, 'Полуфабрикаты ', NULL, NULL, '2022-10-18 12:51:56', '2022-10-18 12:51:56', NULL),
('1010122', '0200', '0200-MECO', 'OK-0210', 'OK ПНТП', 'OK ПНТП', NULL, NULL, 'R', 'нет', NULL, NULL, 'Полуфабрикаты ', NULL, NULL, '2022-10-18 12:51:56', '2022-10-18 12:51:56', NULL),
('1010123', '0200', '0200-MECO', 'OK-0210', 'OK Гранулы никелевые', 'OK Гранулы никелевые', NULL, NULL, 'R', 'нет', NULL, NULL, 'Полуфабрикаты ', NULL, NULL, '2022-10-18 12:51:56', '2022-10-18 12:51:56', NULL),
( '1010127', '0200', '0200-MECO', 'OK-0210', 'OK Шлак анодный никелевый', 'OK Шлак анодный никелевый', NULL, NULL, 'R', 'нет', NULL, NULL, 'Оборотные материалы площадок', NULL, NULL, '2022-10-18 12:51:56', '2022-10-18 12:51:56', NULL),
( '1010132', '0200', '0200-MECO', 'OK-0210', 'OK Немагнитная фракция ПНТП', 'OK Немагнитная фракция ПНТП', NULL, NULL, 'R', 'нет', NULL, NULL, 'N', NULL, NULL, '2022-10-18 12:51:56', '2022-10-18 12:51:56', NULL),
( '1010153', '0200', '0200-MECO', 'E1-0210', 'E1 Концентрат кобальтовый', 'E1 Концентрат кобальтовый', NULL, NULL, 'R', 'нет', NULL, NULL, 'Полуфабрикаты', NULL, NULL, '2022-10-18 12:51:56', '2022-10-18 12:51:56', NULL),
( '1010154', '0200', '0200-MECO', 'E1-0210', 'E1 Шлам никелевый', 'E1 Шлам никелевый', NULL, NULL, 'R', 'нет', NULL, NULL, 'Полуфабрикаты ', NULL, NULL, '2022-10-18 12:51:56', '2022-10-18 12:51:56', NULL),
( '1010155', '0200', '0200-MECO', 'E1-0210', 'E1 Скрап анодный никелевый', 'E1 Скрап анодный никелевый', NULL, NULL, 'R', 'нет', NULL, NULL, 'Оборотные материалы собственные ', NULL, NULL, '2022-10-18 12:51:56', '2022-10-18 12:51:56', NULL),
( '1010160', '0200', '0200-MECO', 'E1-0210', 'E1 Осыпь никелевая', 'E1 Осыпь никелевая', NULL, NULL, 'R', 'нет', NULL, NULL, 'Оборотные материалы собственные ', NULL, NULL, '2022-10-18 12:51:56', '2022-10-18 12:51:56', NULL),
( '1010161', '0200', '0200-MECO', 'E1-0210', 'E1 Медь цементная', 'E1 Медь цементная', NULL, NULL, 'R', 'нет', NULL, NULL, 'Возвратные материалы', NULL, NULL, '2022-10-18 12:51:56', '2022-10-18 12:51:56', NULL),
( '1010182', '0200', '0200-MECO', 'E2-0210', 'E2 Кек кобальтовый первичный', 'E2 Кек кобальтовый первичный', NULL, NULL, 'R', 'нет', NULL, NULL, 'Полуфабрикаты', NULL, NULL, '2022-10-18 12:51:56', '2022-10-18 12:51:56', NULL),
( '1010185', '0200', '0200-MECO', 'E2-0210', 'E2 Остаток хлорного выщелачивания', 'E2 Остаток хлорного выщелачивания', NULL, NULL, 'R', 'нет', NULL, NULL, 'Полуфабрикаты ', NULL, NULL, '2022-10-18 12:51:56', '2022-10-18 12:51:56', NULL),
( '1010187', '0200', '0200-MECO', 'E2-0210', 'E2 Зачистки Ni (сметки)', 'E2 Зачистки Ni (сметки)', NULL, NULL, 'R', 'нет', NULL, NULL, 'Оборотные материалы собственные ', NULL, NULL, '2022-10-18 12:51:56', '2022-10-18 12:51:56', NULL),
( '1010188', '0200', '0200-MECO', 'E2-0210', 'E2 Зачистки Ni (ЭО)', 'E2 Зачистки Ni (ЭО)', NULL, NULL, 'R', 'нет', NULL, NULL, 'Оборотные материалы собственные ', NULL, NULL, '2022-10-18 12:51:56', '2022-10-18 12:51:56', NULL),
( '1010189', '0200', '0200-MECO', 'E2-0210', 'E2 Зачистки Ni (зачистки фильтр-пресса)', 'E2 Зачистки Ni (зачистки фильтр-пресса)', NULL, NULL, 'R', 'нет', NULL, NULL, 'Оборотные материалы собственные ', NULL, NULL, '2022-10-18 12:51:56', '2022-10-18 12:51:56', NULL),
( '1010190', '0200', '0200-MECO', 'E2-0210', 'E2 Остаток выщелачивания', 'E2 Остаток выщелачивания', NULL, NULL, 'R', 'нет', NULL, NULL, 'Оборотные материалы собственные ', NULL, NULL, '2022-10-18 12:51:56', '2022-10-18 12:51:56', NULL),
( '1010192', '0200', '0200-MECO', 'E2-0210', 'E2 Раствор хлорного растворения', 'E2 Раствор хлорного растворения', NULL, NULL, 'R', 'нет', NULL, NULL, 'Оборотные материалы собственные', NULL, NULL, '2022-10-18 12:51:56', '2022-10-18 12:51:56', NULL),
( '1010193', '0200', '0200-MECO', 'E2-0210', 'E2 Медь цементная', 'E2 Медь цементная', NULL, NULL, 'R', 'нет', NULL, NULL, 'Возвратные материалы', NULL, NULL, '2022-10-18 12:51:56', '2022-10-18 12:51:56', NULL),
( '1010212', '0200', '0200-MECO', 'NC-0210', 'NC Огарок обжига остатков синтеза', 'NC Огарок обжига остатков синтеза', NULL, NULL, 'R', 'нет', NULL, NULL, 'Оборотные материалы собственные', NULL, NULL, '2022-10-18 12:51:56', '2022-10-18 12:51:56', NULL),
( '1010214', '0200', '0200-MECO', 'NC-0210', 'NC Зачистки оборудования ОКН (корки)', 'NC Зачистки оборудования ОКН (корки)', NULL, NULL, 'R', 'нет', NULL, NULL, 'собственные ', NULL, NULL, '2022-10-18 12:51:56', '2022-10-18 12:51:56', NULL),
( '1010216', '0200', '0200-MECO', 'NC-0210', 'NC Окатыши остатков дожигания', 'NC Окатыши остатков дожигания', NULL, NULL, 'R', 'нет', NULL, NULL, 'Оборотные материалы площадок ', NULL, NULL, '2022-10-18 12:51:56', '2022-10-18 12:51:56', NULL),
( '1010235', '0200', '0200-MECO', 'CO-0210', 'CO Медь цементная', 'CO Медь цементная', NULL, NULL, 'R', 'нет', NULL, NULL, 'Оборотные материалы \nсобственные \n', NULL, NULL, '2022-10-18 12:51:56', '2022-10-18 12:51:56', NULL),
( '1010236', '0200', '0200-MECO', 'CO-0210', 'CO Рафинат 3', 'CO Рафинат 3', NULL, NULL, 'R', 'нет', NULL, NULL, 'Оборотные материалы \nсобственные ', NULL, NULL, '2022-10-18 12:51:56', '2022-10-18 12:51:56', NULL),
( '1010334', '0200', '0200-MECO', 'KP-0210', 'KP Выломки ГМО', 'KP Выломки ГМО', NULL, NULL, 'R', 'нет', NULL, NULL, 'Возвратные материалы', NULL, NULL, '2022-10-18 12:51:56', '2022-10-18 12:51:56', NULL),
( '1010335', '0200', '0200-MECO', 'KP-0210', 'KP Выломки ЭПО', 'KP Выломки ЭПО', NULL, NULL, 'R', 'нет', NULL, NULL, 'Возвратные материалы', NULL, NULL, '2022-10-18 12:51:56', '2022-10-18 12:51:56', NULL),
( '1010336', '0200', '0200-MECO', 'KP-0210', 'KP Шлак металлургический', 'KP Шлак металлургический', NULL, NULL, 'R', 'нет', NULL, NULL, 'Возвратные материалы', NULL, NULL, '2022-10-18 12:51:56', '2022-10-18 12:51:56', NULL),
( '1010133', '0200', '0200-MECO', 'OK-0210', 'OK Пыль РЦ', 'OK Пыль РЦ', NULL, NULL, 'R', 'нет', NULL, NULL, 'Оборотные материалы \nсобственные \n', NULL, NULL, '2022-10-18 12:51:56', '2022-10-18 12:51:56', NULL),
( '1010041', '0200', '0200-OBCO', 'OR-0211', 'OR  концентрат Cu-Ni', 'OR  концентрат Cu-Ni', '0211', 'OR', 'R', 'да', 'нет', NULL, 'Готовая продукция', 'Общий', 0.7, '2022-10-18 12:51:56', '2022-10-18 12:51:56', NULL),
( '1010042', '0200', '0200-OBCO', 'OR-0211', 'OR Отвальные хвосты', 'OR Отвальные хвосты', NULL, NULL, 'R', 'нет', NULL, NULL, 'Отвальные продукты', NULL, NULL, '2022-10-18 12:51:56', '2022-10-18 12:51:56', NULL),
( '1010151', '0200', '0200-MECO', 'E1-0210', 'E1 Никель первичный', 'E1 Никель первичный', '0210', 'E1', 'R', 'да', 'да', 'Ni', 'Готовая продукция', 'Общий', 1, '2022-10-18 12:51:56', '2022-10-18 12:51:56', NULL),
( '1010164', '0200', '0200-MECO', 'E1-0210', 'E1 Кек железистый отвальный', 'E1 Кек железистый отвальный', NULL, NULL, 'R', 'нет', NULL, NULL, 'Отвальные продукты', NULL, NULL, '2022-10-18 12:51:56', '2022-10-18 12:51:56', NULL),
( '1010181', '0200', '0200-MECO', 'E2-0210', 'E2 Никель первичный', 'E2 Никель первичный', '0210', 'E2', 'R', 'да', 'да', 'Ni', 'Готовая продукция', 'Общий', 1, '2022-10-18 12:51:56', '2022-10-18 12:51:56', NULL),
( '1010202', '0200', '0200-MECO', 'E2-0210', 'E2 Зачистки Ni (ОРиД)', 'E2 Зачистки Ni (ОРиД)', NULL, NULL, 'R', 'нет', NULL, NULL, 'Оборотные материалы \nсобственные \n', NULL, NULL, '2022-10-18 12:51:56', '2022-10-18 12:51:56', NULL),
( '1010196', '0200', '0200-MECO', 'E2-0210', 'E2 Кек железистый отвальный', 'E2 Кек железистый отвальный', NULL, NULL, 'R', 'нет', NULL, NULL, 'Отвальные продукты', NULL, NULL, '2022-10-18 12:51:56', '2022-10-18 12:51:56', NULL),
( '1010231', '0200', '0200-MECO', 'CO-0210', 'CO Кобальт электролитный (товарный)', 'CO Кобальт электролитный (товарный)', '0210', 'CO', 'R', 'да', 'да', 'Co', 'Попутная продукция', 'Общий', 1, '2022-10-18 12:51:56', '2022-10-18 12:51:56', NULL),
( '1010211', '0200', '0200-MECO', 'NC-0210', 'NC Карбонильная никелевая продукция', 'NC Карбонильная никелевая продукция', '0210', 'NC', 'R', 'да', 'да', 'Ni', 'Готовая продукция', 'Общий', 1, '2022-10-18 12:51:56', '2022-10-18 12:51:56', NULL),
( '1010391', '0200', '0200-MECO', 'FM-0210', 'FM Продукт пенный ОХВ', 'FM Продукт пенный ОХВ', NULL, NULL, 'R', 'нет', NULL, NULL, NULL, NULL, NULL, '2022-10-18 12:51:56', '2022-10-18 12:51:56', NULL),
( '1010392', '0200', '0200-MECO', 'FM-0210', 'FM Продукт камерный ОХВ', 'FM Продукт камерный ОХВ', NULL, NULL, 'R', 'нет', NULL, NULL, NULL, NULL, NULL, '2022-10-18 12:51:56', '2022-10-18 12:51:56', NULL),
( '1010337', '0200', '0200-MECO', 'KP-0210', 'KP Раствор осветленный ', 'KP Раствор осветленный ', NULL, NULL, 'R', 'нет', NULL, NULL, NULL, NULL, NULL, '2022-10-18 12:51:56', '2022-10-18 12:51:56', NULL),
( '1010342', '0200', '0200-MECO', 'KP-0210', 'KP Сплав гранулированный', 'KP Сплав гранулированный', NULL, NULL, 'R', 'нет', NULL, NULL, NULL, NULL, NULL, '2022-10-18 12:51:56', '2022-10-18 12:51:56', NULL),
( '1010339', '0200', '0200-MECO', 'KP-0210', 'KP Продукт камерный ОХВ подсушенный', 'KP Продукт камерный ОХВ подсушенный', NULL, NULL, 'R', 'нет', NULL, NULL, NULL, NULL, NULL, '2022-10-18 12:51:56', '2022-10-18 12:51:56', NULL),
( '1010344', '0200', '0200-MECO', 'KP-0210', 'KP Выломки ЭПО УПОХР', 'KP Выломки ЭПО УПОХР', NULL, NULL, 'R', 'нет', NULL, NULL, NULL, NULL, NULL, '2022-10-18 12:51:56', '2022-10-18 12:51:56', NULL),
( '1010253', '0200', '0200-MECO', 'AM-0210', 'АМ Медь цементная', 'АМ Медь цементная', NULL, NULL, 'R', 'нет', NULL, NULL, NULL, NULL, NULL, '2022-10-18 12:51:56', '2022-10-18 12:51:56', NULL),
( '1010256', '0200', '0200-MECO', 'AM-0210', 'AM Выломки металлургических агрегатов', 'AM Выломки металлургических агрегатов', NULL, NULL, 'R', 'нет', NULL, NULL, NULL, NULL, NULL, '2022-10-18 12:51:56', '2022-10-18 12:51:56', NULL),
( '1010331', '0200', '0200-MECO', 'KP-0210', 'KP Концентраты ДМ (КПП,КМСП,КСП)', 'KP Концентраты ДМ (КПП,КМСП,КСП)', '0210', 'KP', 'R', 'да', 'нет', NULL, 'Товарные полуфабрикаты', 'Общий', 1, '2022-10-18 12:51:56', '2022-10-18 12:51:56', NULL),
( '1013045', '0101', '0101-RTAI', 'DR-109W', 'Руда богатая р. Таймырский', 'Руда богатая р.Таймырский', NULL, NULL, 'R', 'нет', NULL, NULL, 'Полуфабрикаты ', NULL, NULL, '2022-10-18 12:51:56', '2022-10-18 12:51:56', NULL),
( '1013050', '0101', '0101-RKOM', 'DR-113W', 'Руда медистая ш. Комсомольская', 'Руда медистая р.Комсомольский', NULL, NULL, 'R', 'нет', NULL, NULL, 'Полуфабрикаты ', NULL, NULL, '2022-10-18 12:51:56', '2022-10-18 12:51:56', NULL),
( '1013044', '0101', '0101-RKOM', 'DR-113W', 'Руда богатая р. Комсомольский', 'Руда богатая р.Комсомольский', NULL, NULL, 'R', 'нет', NULL, NULL, 'Полуфабрикаты ', NULL, NULL, '2022-10-18 12:51:56', '2022-10-18 12:51:56', NULL),
( '421490', '0101', '0101-TOF0', 'TO-104W', 'Хвосты отвальные породные', 'Хвосты отвальные на закладку', NULL, NULL, 'R', 'нет', NULL, NULL, NULL, NULL, NULL, '2022-10-18 12:51:56', '2022-10-18 12:51:56', NULL),
( '1013047', '0101', '0101-RMAY', 'DR-114W', 'Руда вкрапленная р. Маяк', 'Руда вкрапленная р.Маяк', NULL, NULL, 'R', 'нет', NULL, NULL, 'Полуфабрикаты ', NULL, NULL, '2022-10-18 12:51:56', '2022-10-18 12:51:56', NULL),
( '1013042', '0101', '0101-RMAY', 'DR-114W', 'Руда богатая р. Маяк', 'Руда богатая р.Маяк', NULL, NULL, 'R', 'нет', NULL, NULL, 'Полуфабрикаты ', NULL, NULL, '2022-10-18 12:51:56', '2022-10-18 12:51:56', NULL),
( '1013051', '0101', '0101-ROKT', 'DR-110W', 'Руда медистая р. Октябрьский', 'Руда медистая р.Октябрьский', NULL, NULL, 'R', 'нет', NULL, NULL, 'Полуфабрикаты ', NULL, NULL, '2022-10-18 12:51:56', '2022-10-18 12:51:56', NULL),
( '1013049', '0101', '0101-ROKT', 'DR-110W', 'Руда вкрапленная р. Октябрьский', 'Руда вкрапленная р.Октябрьский', NULL, NULL, 'R', 'нет', NULL, NULL, 'Полуфабрикаты ', NULL, NULL, '2022-10-18 12:51:56', '2022-10-18 12:51:56', NULL),
( '1013046', '0101', '0101-ROKT', 'DR-110W', 'Руда богатая р. Октябрьский', 'Руда богатая р.Октябрьский', NULL, NULL, 'R', 'нет', NULL, NULL, 'Полуфабрикаты ', NULL, NULL, '2022-10-18 12:51:56', '2022-10-18 12:51:56', NULL),
( '1013043', '0101', '0101-RSKL', 'DR-133W', 'Руда богатая ш. "Скалистая"', 'Руда богатая р.Скалистый', NULL, NULL, 'R', 'нет', NULL, NULL, 'Полуфабрикаты ', NULL, NULL, '2022-10-18 12:51:56', '2022-10-18 12:51:56', NULL),
( '1013055', '0101', '0101-TOF0', 'TO-104W', 'Концентрат медный ТОФ', 'Концентрат медный ТОФ', NULL, NULL, 'R', 'нет', NULL, NULL, NULL, NULL, NULL, '2022-10-18 12:51:56', '2022-10-18 12:51:56', NULL),
( '1013057', '0101', '0101-TOF0', 'TO-104W', 'Концентрат никель-пирротиновый', 'Концентрат никель-пирротиновый ТОФ', NULL, NULL, 'R', 'нет', NULL, NULL, NULL, NULL, NULL, '2022-10-18 12:51:56', '2022-10-18 12:51:56', NULL),
( '1013059', '0101', '0101-TOF0', 'TO-104W', 'Хвосты породные сгущенные', 'Хвосты отвальные ТОФ', NULL, NULL, 'R', 'нет', NULL, NULL, NULL, NULL, NULL, '2022-10-18 12:51:56', '2022-10-18 12:51:56', NULL),
( '1040001', '0101', '0101-TOF0', 'TO-104W', 'Концентрат дофлотации малоникелистого пирротина', 'Концентрат дофлотации малоникелистого пирротина', NULL, NULL, 'R', 'нет', NULL, NULL, NULL, NULL, NULL, '2022-10-18 12:51:56', '2022-10-18 12:51:56', NULL),
( '9999901', '0101', '0101-TOF0', 'TO-104W', 'Потери ТОФ', 'Потери ТОФ', NULL, NULL, 'R', 'нет', NULL, NULL, NULL, NULL, NULL, '2022-10-18 12:51:56', '2022-10-18 12:51:56', NULL),
( '907456', '0101', '0101-MEDN', 'BN-102W', 'Бисульфит натрия технический', 'Бисульфит натрия', NULL, NULL, 'R', 'нет', NULL, NULL, NULL, NULL, NULL, '2022-10-18 12:51:56', '2022-10-18 12:51:56', NULL),
( '1040003', '0101', '0101-TOF0', 'TO-104W', 'Материал пруда-накопителя', 'Материал пруда-накопителя', NULL, NULL, 'R', 'нет', NULL, NULL, NULL, NULL, NULL, '2022-10-18 12:51:56', '2022-10-18 12:51:56', NULL),
( '1002002', '4900', '4900-NOBF', 'IF-301W', 'Концентрат медный', 'Концентрат медный НОФ', '301W', 'IF', 'R', 'да', 'нет', NULL, 'Готовая продукция', 'МР', 1, '2022-10-18 12:51:56', '2022-10-18 12:51:56', NULL),
( '1013053', '0101', '0101-MEDN', 'SM-102W', 'Пульпа объединенная', 'Пульпа объединенная', NULL, NULL, 'R', 'нет', NULL, NULL, 'Оборотные материалы', NULL, NULL, '2022-10-18 12:51:56', '2022-10-18 12:51:56', NULL),
( '1013177', '0101', '0101-NMZK', 'GN-105W', 'Концентрат медный НМЗ', 'Концентрат медный ГМП', NULL, NULL, 'R', 'нет', NULL, NULL, 'Возвратные материалы', NULL, NULL, '2022-10-18 12:51:56', '2022-10-18 12:51:56', NULL),
( '1013056', '0101', '0101-MEDN', 'TF-102W', 'Концентрат медный отфильтрован.', 'Концентрат медный отфильтрованный', NULL, NULL, 'R', 'нет', NULL, NULL, 'Полуфабрикаты ', NULL, NULL, '2022-10-18 12:51:56', '2022-10-18 12:51:56', NULL),
( '1013052', '0101', '0101-MEDN', 'TF-102W', 'Концентрат медный отстойников 3 4', 'Слив сгустителей УФМК в отст. № 3,4', NULL, NULL, 'R', 'нет', NULL, NULL, NULL, NULL, NULL, '2022-10-18 12:51:56', '2022-10-18 12:51:56', NULL),
( '9999902', '0101', '0101-MEDN', 'TF-102W', 'Потери УФМК', 'Потери УФМК', NULL, NULL, 'R', 'нет', NULL, NULL, NULL, NULL, NULL, '2022-10-18 12:51:56', '2022-10-18 12:51:56', NULL),
( '1013124', '0101', '0101-MEDN', 'SM-102W', 'Концентрат медный ПООФ подсушенный', 'Концентрат медный подсушенный', NULL, NULL, 'R', 'нет', NULL, NULL, 'Полуфабрикаты ', NULL, NULL, '2022-10-18 12:51:56', '2022-10-18 12:51:56', NULL),
( '9999903', '0101', '0101-MEDN', 'SM-102W', 'Потери СУ', 'Потери СУ', NULL, NULL, 'R', 'нет', NULL, NULL, NULL, NULL, NULL, '2022-10-18 12:51:56', '2022-10-18 12:51:56', NULL),
( '6666601', '0102', '0102-2000', NULL, 'Зачистки ОРиД АО "КГМК"', 'Зачистки ОРиД АО "КГМК"', NULL, NULL, 'R', 'нет', NULL, NULL, NULL, NULL, NULL, '2022-10-18 12:51:56', '2022-10-18 12:51:56', NULL),
( '1000186', '0102', '0102-2000', NULL, 'Медь цементная', 'Медь цементная АО "КГМК"', NULL, NULL, 'R', 'нет', NULL, NULL, NULL, NULL, NULL, '2022-10-18 12:51:56', '2022-10-18 12:51:56', NULL),
( '6666602', '0102', '0102-2000', NULL, 'Штейн медный АО "КГМК"', 'Штейн медный АО "КГМК"', NULL, NULL, 'R', 'нет', NULL, NULL, NULL, NULL, NULL, '2022-10-18 12:51:56', '2022-10-18 12:51:56', NULL),
( '3058786', '0101', NULL, NULL, 'Песок технологический', 'Песок', NULL, NULL, 'R', 'нет', NULL, NULL, NULL, NULL, NULL, '2022-10-18 12:51:56', '2022-10-18 12:51:56', NULL),
( '1013132', '0101', '0101-MEDN', 'GO-102W', 'КЕК УФП ОМГО', 'КЕК УФП ОМГО', NULL, NULL, 'R', 'нет', NULL, NULL, NULL, NULL, NULL, '2022-10-18 12:51:56', '2022-10-18 12:51:56', NULL),
( '1013129', '0101', '0101-MEDN', 'KM-102W', 'Шлак конвертерный жидкий', 'Шлак конвертерный жидкий', NULL, NULL, 'R', 'нет', NULL, NULL, 'Оборотные материалы', NULL, NULL, '2022-10-18 12:51:56', '2022-10-18 12:51:56', NULL),
( '5555501', '0101', NULL, NULL, 'Медный кек "Харьявалта"', 'Кек медный "Харьявалта"', NULL, NULL, 'R', 'нет', NULL, NULL, NULL, NULL, NULL, '2022-10-18 12:51:56', '2022-10-18 12:51:56', NULL),
( '1013155', '0101', NULL, NULL, 'Продукты возвратные', 'Возвратные промпродукты ОАО "КЗЦМ"', NULL, NULL, 'R', 'нет', NULL, NULL, NULL, NULL, NULL, '2022-10-18 12:51:56', '2022-10-18 12:51:56', NULL),
( '1010387', '0101', '0101-MEDN', 'PM-102W', 'Штейн', 'Штейн ПВ', NULL, NULL, 'R', 'нет', NULL, NULL, 'Полуфабрикаты ', NULL, NULL, '2022-10-18 12:51:56', '2022-10-18 12:51:56', NULL),
( '1013122', '0101', '0101-MEDN', 'PM-102W', 'Шлак отвальный МЗ', 'Шлак отвальный МЗ', NULL, NULL, 'R', 'нет', NULL, NULL, NULL, NULL, NULL, '2022-10-18 12:51:56', '2022-10-18 12:51:56', NULL),
( '1013125', '0101', '0101-MEDN', 'PM-102W', 'Обороты бедные (корки)', 'Обороты бедные МЗ', NULL, NULL, 'R', 'нет', NULL, NULL, NULL, NULL, NULL, '2022-10-18 12:51:56', '2022-10-18 12:51:56', NULL),
( '8888801', '0101', '0101-MEDN', 'PM-102W', 'Газы ПВ', 'Газы ПВ', NULL, NULL, 'R', 'нет', NULL, NULL, NULL, NULL, NULL, '2022-10-18 12:51:56', '2022-10-18 12:51:56', NULL),
( '9999904', '0101', '0101-MEDN', 'PM-102W', 'Потери ПВ', 'Потери ПВ', NULL, NULL, 'R', 'нет', NULL, NULL, NULL, NULL, NULL, '2022-10-18 12:51:56', '2022-10-18 12:51:56', NULL),
( '8888802', '0101', '0101-MEDN', 'GO-102W', 'Газы очищенные МГО', 'Газы очищенные МГО', NULL, NULL, 'R', 'нет', NULL, NULL, NULL, NULL, NULL, '2022-10-18 12:51:56', '2022-10-18 12:51:56', NULL),
( '1020001', '0101', '0101-MEDN', 'RM-102W', 'Воды промышленные ЦЭМ, (промстоки)', 'Воды промышленные ЦЭМ, (промстоки)', NULL, NULL, 'R', 'нет', NULL, NULL, NULL, NULL, NULL, '2022-10-18 12:51:56', '2022-10-18 12:51:56', NULL),
( '1020002', '0101', '0101-MEDN', 'PR-102W', 'Кек ОС +фильтрат ОС', 'Кек ОС +фильтрат ОС', NULL, NULL, 'R', 'нет', NULL, NULL, NULL, NULL, NULL, '2022-10-18 12:51:56', '2022-10-18 12:51:56', NULL),
( '1013114', '0101', '0101-MEDN', 'SB-102W', 'Сера техническая жидкая МЗ', 'Сера техническая жидкая МЗ', NULL, NULL, 'R', 'нет', NULL, NULL, NULL, NULL, NULL, '2022-10-18 12:51:56', '2022-10-18 12:51:56', NULL),
( '373015', '0101', '0101-MEDN', 'KA-102W', 'Лом изложницы из меди анодной', 'Лом изложниц медных МЦ', NULL, NULL, 'R', 'нет', NULL, NULL, NULL, NULL, NULL, '2022-10-18 12:51:56', '2022-10-18 12:51:56', NULL),
( '1001001', '0101', NULL, NULL, 'Концентрат гравитационный золотосодерж.', 'Концентрат золотосодержащий ООО "ГРКБ"', NULL, NULL, 'R', 'нет', NULL, NULL, NULL, NULL, NULL, '2022-10-18 12:51:56', '2022-10-18 12:51:56', NULL),
( '1013080', '0101', '0101-MEDN', 'RM-102W', 'Губка медная ЦЭМ МЗ', 'Губка медная ЦЭМ', NULL, NULL, 'R', 'нет', NULL, NULL, 'Оборотные материалы', NULL, NULL, '2022-10-18 12:51:56', '2022-10-18 12:51:56', NULL),
( '1013085', '0101', '0101-MEDN', 'KA-102W', 'Шлак вторичный МЦ', 'Шлак вторичный МЦ', NULL, NULL, 'R', 'нет', NULL, NULL, 'Возвратные материалы', NULL, NULL, '2022-10-18 12:51:56', '2022-10-18 12:51:56', NULL),
( '1013128', '0101', '0101-MEDN', 'AM-102W', 'Шлак анодный', 'Шлак анодный', NULL, NULL, 'R', 'нет', NULL, NULL, 'Оборотные материалы', NULL, NULL, '2022-10-18 12:51:56', '2022-10-18 12:51:56', NULL),
( '1050001', '0101', '0101-NMZK', 'CN-105W', 'Лом горловин с НМЗ', 'Лом горловин с НМЗ', NULL, NULL, 'R', 'нет', NULL, NULL, NULL, NULL, NULL, '2022-10-18 12:51:56', '2022-10-18 12:51:56', NULL),
( '10038537', '0101', NULL, NULL, 'Кварцит', 'Кварцит', NULL, NULL, 'R', 'нет', NULL, NULL, NULL, NULL, NULL, '2022-10-18 12:51:56', '2022-10-18 12:51:56', NULL),
( '1013106', '0101', '0101-MEDN', 'KM-102W', 'Медь черновая', 'Медь черновая', NULL, NULL, 'R', 'нет', NULL, NULL, 'Полуфабрикаты ', NULL, NULL, '2022-10-18 12:51:56', '2022-10-18 12:51:56', NULL),
( '1013118', '0101', '0101-MEDN', 'KM-102W', 'Шлак никелевый МЗ', 'Шлак никелевый МЗ', NULL, NULL, 'R', 'нет', NULL, NULL, 'Возвратные материалы', NULL, NULL, '2022-10-18 12:51:56', '2022-10-18 12:51:56', NULL),
( '9999905', '0101', '0101-MEDN', 'KM-102W', 'Потери конвертирования', 'Потери конвертирования', NULL, NULL, 'R', 'нет', NULL, NULL, NULL, NULL, NULL, '2022-10-18 12:51:56', '2022-10-18 12:51:56', NULL),
( '1013130', '0101', '0101-MEDN', 'RM-102W', 'Скрап медный анодный', 'Скрап медный анодный', NULL, NULL, 'R', 'нет', 'да', 'Cu', 'Оборотные материалы', NULL, NULL, '2022-10-18 12:51:56', '2022-10-18 12:51:56', NULL),
( '1013141', '0101', '0101-MEDN', 'RM-102W', 'Отходы основы ЦЭМ', 'Отходы ЦЭМ', NULL, NULL, 'R', 'нет', 'да', 'Cu', 'Оборотные материалы', NULL, NULL, '2022-10-18 12:51:56', '2022-10-18 12:51:56', NULL),
( '1013079', '0101', '0101-MEDN', 'RM-102W', 'Медь регенерации из ЦЭМ', 'Медь регенерации ЦЭМ ', NULL, NULL, 'R', 'нет', 'да', 'Cu', 'Оборотные материалы', NULL, NULL, '2022-10-18 12:51:56', '2022-10-18 12:51:56', NULL),
( '1013078', '0101', '0101-MEDN', 'AM-102W', 'Анод медный', 'Медь анодная', NULL, NULL, 'R', 'нет', NULL, NULL, 'Полуфабрикаты ', NULL, NULL, '2022-10-18 12:51:56', '2022-10-18 12:51:56', NULL),
( '3031806', '0101', '0101-MEDN', 'AM-102W', 'Изделие медное', 'Медные изделия на НМЗ (горловины)', NULL, NULL, 'R', 'нет', NULL, NULL, 'Материалы', NULL, NULL, '2022-10-18 12:51:56', '2022-10-18 12:51:56', NULL),
( '3031805', '0101', '0101-MEDN', 'AM-102W', 'Изложницы медные', 'Изложницы медные для МЦ', NULL, NULL, 'R', 'нет', NULL, NULL, 'Материалы', NULL, NULL, '2022-10-18 12:51:56', '2022-10-18 12:51:56', NULL),
( '9999906', '0101', '0101-MEDN', 'AM-102W', 'Потери рафинирования', 'Потери рафинирования', NULL, NULL, 'R', 'нет', NULL, NULL, NULL, NULL, NULL, '2022-10-18 12:51:56', '2022-10-18 12:51:56', NULL),
( '1013102', '0101', '0101-MEDN', 'RM-102W', 'Катоды медные', 'Медь катодная', '102W', 'RM', 'R', 'да', 'да', 'Cu', 'Готовая продукция', 'Общий', 1, '2022-10-18 12:51:56', '2022-10-18 12:51:56', NULL),
( '1013081', '0101', '0101-MEDN', 'RM-102W', 'Катоды медные брак. из ЦЭМ', 'Катоды медные бракованные', NULL, NULL, 'R', 'нет', 'да', 'Cu', 'Оборотные материалы', NULL, NULL, '2022-10-18 12:51:56', '2022-10-18 12:51:56', NULL),
( '1013084', '0101', '0101-MEDN', 'RM-102W', 'Шлам медный из ЦЭМ МЗ', 'Шлам медный', NULL, NULL, 'R', 'нет', NULL, NULL, 'Полуфабрикаты ', NULL, NULL, '2022-10-18 12:51:56', '2022-10-18 12:51:56', NULL),
( '1013098', '0101', '0101-MEDN', 'RM-102W', 'Раствор обезмеженный', 'Раствор обезмеженный', NULL, NULL, 'R', 'нет', NULL, NULL, 'Возвратные материалы', NULL, NULL, '2022-10-18 12:51:56', '2022-10-18 12:51:56', NULL),
( '1013090', '0101', '0101-MEDN', 'KP-102W', 'Фракция промывки скрапа', 'Фракция промывки скрапа', NULL, NULL, 'R', 'нет', NULL, NULL, 'Оборотные материалы', NULL, NULL, '2022-10-18 12:51:56', '2022-10-18 12:51:56', NULL),
( '1013089', '0101', '0101-MEDN', 'KP-102W', 'Скрап анодов вторичных', 'Скрап анодов вторичных', NULL, NULL, 'R', 'нет', NULL, NULL, 'Оборотные материалы', NULL, NULL, '2022-10-18 12:51:56', '2022-10-18 12:51:56', NULL),
( '1013091', '0101', '0101-MEDN', 'KP-102W', 'Раствор выщелачивания огарка', 'Раствор выщелачивания огарка', NULL, NULL, 'R', 'нет', NULL, NULL, 'Оборотные материалы', NULL, NULL, '2022-10-18 12:51:56', '2022-10-18 12:51:56', NULL),
( '1013088', '0101', '0101-MEDN', 'KA-102W', 'Анод вторичный', 'Аноды вторичные', NULL, NULL, 'R', 'нет', NULL, NULL, 'Полуфабрикаты ', NULL, NULL, '2022-10-18 12:51:56', '2022-10-18 12:51:56', NULL),
( '1013093', '0101', '0101-MEDN', 'KA-102W', 'Хлорид серебра отфильтрованный', 'Хлорид серебра отфильтрованный', NULL, NULL, 'R', 'нет', NULL, NULL, NULL, NULL, NULL, '2022-10-18 12:51:56', '2022-10-18 12:51:56', NULL),
( '1013061', '0101', '0101-MEDN', 'KA-102W', 'Раствор медно-никелевый МЦ', 'Раствор медно-никелевый МЦ', NULL, NULL, 'R', 'нет', NULL, NULL, 'Возвратные материалы', NULL, NULL, '2022-10-18 12:51:56', '2022-10-18 12:51:56', NULL),
( '1013094', '0101', '0101-MEDN', 'KA-102W', 'Кек осаждения ДМ', 'Кек осаждения ДМ', NULL, NULL, 'R', 'нет', NULL, NULL, 'Оборотные материалы', NULL, NULL, '2022-10-18 12:51:56', '2022-10-18 12:51:56', NULL),
( '9999907', '0101', '0101-MEDN', 'KA-102W', 'Потери МПГ в анодах', 'Потери МПГ в анодах', NULL, NULL, 'R', 'нет', NULL, NULL, NULL, NULL, NULL, '2022-10-18 12:51:56', '2022-10-18 12:51:56', NULL),
( '1013099', '0101', '0101-MEDN', 'AG-102W', 'Раствор перераб. хлорида серебра', 'Раствор переработки хлорида серебра', NULL, NULL, 'R', 'нет', NULL, NULL, NULL, NULL, NULL, '2022-10-18 12:51:56', '2022-10-18 12:51:56', NULL),
( '1013134', '0101', '0101-MEDN', 'KP-102W', 'Концентрат платиновых металлов марки ОК', 'КП', '102W', 'KP', 'R', 'да', 'нет', NULL, 'Полуфабрикаты ', 'Общий', 1, '2022-10-18 12:51:56', '2022-10-18 12:51:56', NULL),
( '1013095', '0101', '0101-MEDN', 'KP-102W', 'Раствор ВАР медно-никелевый', 'Раствор ВАР медно-никелевый', NULL, NULL, 'R', 'нет', NULL, NULL, 'Возвратные материалы', NULL, NULL, '2022-10-18 12:51:56', '2022-10-18 12:51:56', NULL),
( '9999908', '0101', '0101-MEDN', 'KP-102W', 'Потери МПГ в КП', 'Потери МПГ в КП', NULL, NULL, 'R', 'нет', NULL, NULL, NULL, NULL, NULL, '2022-10-18 12:51:56', '2022-10-18 12:51:56', NULL),
( '1013115', '0101', '0101-MEDN', 'AG-102W', 'Серебро черновое в порошке', 'Серебро черновое в порошке', '102W', 'AG', 'R', 'да', 'да', 'Ag', NULL, 'Общий', 1, '2022-10-18 12:51:56', '2022-10-18 12:51:56', NULL),
( '9999909', '0101', '0101-MEDN', 'AG-102W', 'Потери СПЧ', 'Потери СПЧ', NULL, NULL, 'R', 'нет', NULL, NULL, NULL, NULL, NULL, '2022-10-18 12:51:56', '2022-10-18 12:51:56', NULL),
( '7777701', '0101', '0101-MEDN', 'GO-102W', 'Сера в газах на производство бисульфита', 'Сера в газах на производство бисульфита', NULL, NULL, 'R', 'нет', NULL, NULL, NULL, NULL, NULL, '2022-10-18 12:51:56', '2022-10-18 12:51:56', NULL),
( '7777702', '0101', '0101-MEDN', 'GO-102W', 'Сера в газах на производство кислоты', 'Сера в газах на производство кислоты', NULL, NULL, 'R', 'нет', NULL, NULL, NULL, NULL, NULL, '2022-10-18 12:51:56', '2022-10-18 12:51:56', NULL),
( '1013121', '0101', '0101-MEDN', 'SA-102W', 'Кислота серная техническая', 'Кислота серная', NULL, NULL, 'R', 'нет', NULL, NULL, NULL, NULL, NULL, '2022-10-18 12:51:56', '2022-10-18 12:51:56', NULL),
( '1020004', '0101', '0101-MEDN', 'GO-102W', 'Стоки ОМГО', 'Стоки ОМГО', NULL, NULL, 'R', 'нет', NULL, NULL, NULL, NULL, NULL, '2022-10-18 12:51:56', '2022-10-18 12:51:56', NULL),
( '9999910', '0101', '0101-MEDN', 'SB-102W', 'Потери УПЭС', 'Потери УПЭС', NULL, NULL, 'R', 'нет', NULL, NULL, NULL, NULL, NULL, '2022-10-18 12:51:56', '2022-10-18 12:51:56', NULL),
( '9999911', '0101', '0101-MEDN', 'RM-102W', 'Потери ЦЭМ', 'Потери ЦЭМ', NULL, NULL, 'R', 'нет', NULL, NULL, NULL, NULL, NULL, '2022-10-18 12:51:56', '2022-10-18 12:51:56', NULL),
( '1010372', '0101', '0101-NMZK', 'CN-105W', 'Обороты бедные', 'Обороты бедные конвертерные', NULL, NULL, 'R', 'нет', NULL, NULL, 'Оборотные материалы', NULL, NULL, '2022-10-18 12:51:56', '2022-10-18 12:51:56', NULL),
( '5555502', '0101', NULL, NULL, 'Концентрат никелевый отстойников "Северный"+"Восточный"', 'Концентрат никелевый отстойников "Северный", "Восточный"', NULL, NULL, 'R', 'нет', NULL, NULL, NULL, NULL, NULL, '2022-10-18 12:51:56', '2022-10-18 12:51:56', NULL),
( '1013176', '0101', '0101-NMZK', 'GN-105W', 'Концентрат никелевый НМЗ', 'Концентрат никелевый ГМП', NULL, NULL, 'R', 'нет', NULL, NULL, 'Оборотные материалы', NULL, NULL, '2022-10-18 12:51:56', '2022-10-18 12:51:56', NULL),
( '1013067', '0101', '0101-NMZK', 'GN-105W', 'Концентрат сульфидный', 'Концентрат сульфидный', NULL, NULL, 'R', 'нет', NULL, NULL, 'Полуфабрикаты ', NULL, NULL, '2022-10-18 12:51:56', '2022-10-18 12:51:56', NULL),
( '079011', '0101', '0101-NMZK', 'GN-105W', 'Сера комовая', 'Сера элементарная', NULL, NULL, 'R', 'нет', NULL, NULL, NULL, NULL, NULL, '2022-10-18 12:51:56', '2022-10-18 12:51:56', NULL),
( '1010375', '0101', '0101-NMZK', 'GN-105W', 'Хвосты отвальные ГМП НМЗ', 'Хвосты отвальные ГМП', NULL, NULL, 'R', 'нет', NULL, NULL, NULL, NULL, NULL, '2022-10-18 12:51:56', '2022-10-18 12:51:56', NULL),
( '1050002', '0101', '0101-NMZK', 'GN-105W', 'Сливы ГМП', 'Сливы ГМП', NULL, NULL, 'R', 'нет', NULL, NULL, NULL, NULL, NULL, '2022-10-18 12:51:56', '2022-10-18 12:51:56', NULL),
( '1002003', '4900', '4900-NOBF', 'IF-301W', 'Концентрат никелевый', 'Концентрат никелевый НОФ', '301W', 'IF', 'R', 'да', 'нет', NULL, 'Готовая продукция', 'МР', 1, '2022-10-18 12:51:56', '2022-10-18 12:51:56', NULL),
( '326497', '0101', NULL, NULL, 'Осадок м/с т/м Барьерное', 'Осадки металлосодержащие ТМ "Барьерное"', NULL, NULL, 'R', 'нет', NULL, NULL, NULL, NULL, NULL, '2022-10-18 12:51:56', '2022-10-18 12:51:56', NULL),
( '1013068', '0101', '0101-NMZK', 'SN-105W', 'Концентрат никель-сульфидный', 'СНСК', NULL, NULL, 'R', 'нет', NULL, NULL, 'Полуфабрикаты ', NULL, NULL, '2022-10-18 12:51:56', '2022-10-18 12:51:56', NULL),
( '850438', '0101', '0101-NMZK', 'SN-105W', 'Слив сгущения НМЗ', 'СНСК в хранилище', NULL, NULL, 'R', 'нет', NULL, NULL, NULL, NULL, NULL, '2022-10-18 12:51:56', '2022-10-18 12:51:56', NULL),
( '16166108', '0101', NULL, NULL, 'Концентрат месторождения "Квадратное"', 'Концентрат ТМ "Квадратное"', NULL, NULL, 'R', 'нет', NULL, NULL, NULL, NULL, NULL, '2022-10-18 12:51:56', '2022-10-18 12:51:56', NULL),
( '1013075', '0101', '0101-NMZK', 'CN-105W', 'Пыль никелевая конвертерная', 'Пыль никелевая конвертерная', NULL, NULL, 'R', 'нет', NULL, NULL, 'Оборотные материалы', NULL, NULL, '2022-10-18 12:51:56', '2022-10-18 12:51:56', NULL),
( '798059', '0101', NULL, NULL, 'Песок речной', 'Песок кварцевый', NULL, NULL, 'R', 'нет', NULL, NULL, NULL, NULL, NULL, '2022-10-18 12:51:56', '2022-10-18 12:51:56', NULL),
( '1013069', '0101', '0101-NMZK', 'PN-105W', 'Штейн никелевый ПВП', 'Штейн никелевый ПВП', NULL, NULL, 'R', 'нет', NULL, NULL, 'Полуфабрикаты ', NULL, NULL, '2022-10-18 12:51:56', '2022-10-18 12:51:56', NULL),
( '1013070', '0101', '0101-NMZK', 'PN-105W', 'Шлак никелевый ПВП', 'Шлак никелевый ПВП', NULL, NULL, 'R', 'нет', NULL, NULL, 'Оборотные материалы', NULL, NULL, '2022-10-18 12:51:56', '2022-10-18 12:51:56', NULL),
( '9999912', '0101', '0101-NMZK', 'PN-105W', 'Потери ПВП', 'Потери ПВП', NULL, NULL, 'R', 'нет', NULL, NULL, NULL, NULL, NULL, '2022-10-18 12:51:56', '2022-10-18 12:51:56', NULL),
( '1013072', '0101', '0101-NMZK', 'CN-105W', 'Шлак никелевый конвертерный', 'Шлак никелевый конвертерный', NULL, NULL, 'R', 'нет', NULL, NULL, 'Оборотные материалы', NULL, NULL, '2022-10-18 12:51:56', '2022-10-18 12:51:56', NULL),
( '1000192', '0102', '0102-2000', NULL, 'Фракция немагнитная порошка никелевого', 'Немагнитная фракция АО "КГМК"', NULL, NULL, 'R', 'нет', NULL, NULL, NULL, NULL, NULL, '2022-10-18 12:51:56', '2022-10-18 12:51:56', NULL),
( '1000196', '0102', '0102-2000', NULL, 'Выломки металлургических агрегатов ХМЦ', 'Выломки металлургических агрегатов АО "КГМК"', NULL, NULL, 'R', 'нет', NULL, NULL, NULL, NULL, NULL, '2022-10-18 12:51:56', '2022-10-18 12:51:56', NULL),
( '10820767', '0101', NULL, NULL, 'Порода вскрышная', 'Порода вскрышная', NULL, NULL, 'R', 'нет', NULL, NULL, NULL, NULL, NULL, '2022-10-18 12:51:56', '2022-10-18 12:51:56', NULL),
( '1013071', '0101', '0101-NMZK', 'ON-105W', 'Штейн ОЭП', 'Штейн ОЭП', NULL, NULL, 'R', 'нет', NULL, NULL, 'Полуфабрикаты ', NULL, NULL, '2022-10-18 12:51:56', '2022-10-18 12:51:56', NULL),
( '1010377', '0101', '0101-NMZK', 'ON-105W', 'Шлак отвальный ОЭП', 'Шлак отвальный ОЭП', NULL, NULL, 'R', 'нет', NULL, NULL, NULL, NULL, NULL, '2022-10-18 12:51:56', '2022-10-18 12:51:56', NULL),
( '1000191', '0102', '0102-2000', NULL, 'Окатыши', 'Окатыши остатков дожигание АО "КГМК"', NULL, NULL, 'R', 'нет', NULL, NULL, NULL, NULL, NULL, '2022-10-18 12:51:56', '2022-10-18 12:51:56', NULL),
( '1000193', '0102', '0102-2000', NULL, 'Шлак анодный никелевый', 'Шлак анодный никелевый АО "КГМК"', NULL, NULL, 'R', 'нет', NULL, NULL, NULL, NULL, NULL, '2022-10-18 12:51:56', '2022-10-18 12:51:56', NULL),
( '1000187', '0102', '0102-2000', NULL, 'Пыль РЦ', 'Пыль РЦ АО "КГМК"', NULL, NULL, 'R', 'нет', NULL, NULL, NULL, NULL, NULL, '2022-10-18 12:51:56', '2022-10-18 12:51:56', NULL),
( '9999913', '0101', '0101-NMZK', 'GN-105W', 'Потери ГМП', 'Потери ГМП', NULL, NULL, 'R', 'нет', NULL, NULL, NULL, NULL, NULL, '2022-10-18 12:51:56', '2022-10-18 12:51:56', NULL),
( '8888803', '0101', '0101-NMZK', 'PN-105W', 'Газ технологический ПВП', 'Газ технологический ПВП', NULL, NULL, 'R', 'нет', NULL, NULL, NULL, NULL, NULL, '2022-10-18 12:51:56', '2022-10-18 12:51:56', NULL),
( '8888804', '0101', '0101-NMZK', 'ON-105W', 'Газ технологический ОЭП', 'Газ технологический ОЭП', NULL, NULL, 'R', 'нет', NULL, NULL, NULL, NULL, NULL, '2022-10-18 12:51:56', '2022-10-18 12:51:56', NULL),
( '9999914', '0101', '0101-NMZK', 'ON-105W', 'Потери ОЭП', 'Потери ОЭП', NULL, NULL, 'R', 'нет', NULL, NULL, NULL, NULL, NULL, '2022-10-18 12:51:56', '2022-10-18 12:51:56', NULL),
( '8888805', '0101', '0101-NMZK', 'CN-105W', 'Газ технологический конвертирования никелевых штейнов', 'Газ технологический конвертирования никелевых штейнов', NULL, NULL, 'R', 'нет', NULL, NULL, NULL, NULL, NULL, '2022-10-18 12:51:56', '2022-10-18 12:51:56', NULL),
( '9999915', '0101', '0101-NMZK', 'CN-105W', 'Потери конвертирования никелевых штейнов', 'Потери конвертирования никелевых штейнов', NULL, NULL, 'R', 'нет', NULL, NULL, NULL, NULL, NULL, '2022-10-18 12:51:56', '2022-10-18 12:51:56', NULL),
( '1050011', '0101', '0101-NMZK', 'PS-105W', 'Пульпа шлака никелевого МЗ', 'Пульпа шлака никелевого МЗ', NULL, NULL, 'R', 'нет', NULL, NULL, NULL, NULL, NULL, '2022-10-18 12:51:56', '2022-10-18 12:51:56', NULL),
( '1090001', '0101', '0101-NMZK', 'PS-105W', 'Руда богатая р.Таймырский подсушенная', 'Руда богатая р.Таймырский дробленая', NULL, NULL, 'R', 'нет', NULL, NULL, 'Полуфабрикаты ', NULL, NULL, '2022-10-18 12:51:56', '2022-10-18 12:51:56', NULL),
( '10800001', '0101', '0101-NMZK', 'PS-105W', 'Порода вскрышная дробленая', 'Порода вскрышная дробленая', NULL, NULL, 'R', 'нет', NULL, NULL, NULL, NULL, NULL, '2022-10-18 12:51:56', '2022-10-18 12:51:56', NULL),
( '1013191', '0101', '0101-NMZK', 'PS-105W', 'Обороты бедные измельченные', 'Обороты бедные дробленые', NULL, NULL, 'R', 'нет', NULL, NULL, NULL, NULL, NULL, '2022-10-18 12:51:56', '2022-10-18 12:51:56', NULL),
( '1050010', '0101', '0101-NMZK', 'PS-105W', 'Шлак никелевый дробленый', 'Шлак никелевый дробленый', NULL, NULL, 'R', 'нет', NULL, NULL, NULL, NULL, NULL, '2022-10-18 12:51:56', '2022-10-18 12:51:56', NULL),
( '1050003', '0101', '0101-NMZK', 'GN-105W', 'Сера НМЗ', 'Сера НМЗ', NULL, NULL, 'R', 'нет', NULL, NULL, NULL, NULL, NULL, '2022-10-18 12:51:56', '2022-10-18 12:51:56', NULL),
( '1013073', '0101', '0101-NMZK', 'CN-105W', 'Файнштейн медно-никелевый', 'Файнштейн медно-никелевый', '105W', 'CN', 'R', 'да', 'нет', NULL, NULL, 'ЗФ', 1, '2022-10-18 12:51:56', '2022-10-18 12:51:56', NULL),
( '1002006', '4900', '4900-RZAP', 'D1-302W', 'Руда вкрапленная карьера р. Заполярный', 'Руда вкрапленная карьера р.Заполярный', NULL, NULL, 'R', 'нет', NULL, NULL, 'Полуфабрикаты', NULL, NULL, '2022-10-18 12:51:56', '2022-10-18 12:51:56', NULL),
( '1002007', '4900', '4900-RZAP', 'DR-302W', 'Руда вкрапленная шахты р. Заполярный', 'Руда вкрапленная шахты р.Заполярный ', NULL, NULL, 'R', 'нет', NULL, NULL, 'Полуфабрикаты', NULL, NULL, '2022-10-18 12:51:56', '2022-10-18 12:51:56', NULL),
( '1013193', '4900', '4900-RZAP', 'D1-302W', 'Руда малосульфидная (труднообогатимая)', 'Руда малосульфидная р.Заполярный', NULL, NULL, 'R', 'нет', NULL, NULL, NULL, NULL, NULL, '2022-10-18 12:51:56', '2022-10-18 12:51:56', NULL),
( '3020001', '4900', '4900-RZAP', 'D1-302W', 'Руда вкрапленная карьера р. Заполярный (со склада)', 'Руда вкрапленная карьера р. Заполярный (со склада)', NULL, NULL, 'R', 'нет', NULL, NULL, 'Полуфабрикаты', NULL, NULL, '2022-10-18 12:51:56', '2022-10-18 12:51:56', NULL),
( '710851', '4900', '4900-NOBF', 'IF-301W', 'Хвосты отвальные НОФ', 'Хвосты отвальные НОФ', NULL, NULL, 'R', 'нет', NULL, NULL, NULL, NULL, NULL, '2022-10-18 12:51:56', '2022-10-18 12:51:56', NULL),
( '9999916', '4900', '4900-NOBF', 'IF-301W', 'Потери НОФ', 'Потери НОФ', NULL, NULL, 'R', 'нет', NULL, NULL, NULL, NULL, NULL, '2022-10-18 12:51:56', '2022-10-18 12:51:56', NULL),
( '1020005', '0102', '0102-2000', NULL, 'Концентрат медный ОРФ АО "КГМК"', 'Концентрат медный ОРФ АО "КГМК"', NULL, NULL, 'R', 'нет', NULL, NULL, NULL, NULL, NULL, '2022-10-18 12:51:56', '2022-10-18 12:51:56', NULL),
( '9999920', '0101', '0101-MEDN', 'PR-102W', 'Потери УПР', 'Потери УПР', NULL, NULL, 'R', 'нет', NULL, NULL, NULL, NULL, NULL, '2022-10-18 12:51:56', '2022-10-18 12:51:56', NULL),
( '5634780', '0101', NULL, NULL, 'Технологические матариалы', 'Технологические матариалы', NULL, NULL, 'R', 'нет', NULL, NULL, NULL, NULL, NULL, '2022-10-18 12:51:56', '2022-10-18 12:51:56', NULL);

INSERT INTO public.transport_type_spr (code, name, color, hex_color, created_at, updated_at, deleted_at) VALUES
( 'Ri', 'Ж/д транспорт', 'синий', '#0066ff', '2022-09-30 09:59:08', '2022-09-30 09:59:08', NULL),
( 'Av', 'Автотранспорт', 'красный', '#ff8080', '2022-09-30 09:59:08', '2022-09-30 09:59:08', NULL),
( 'Ct', 'Конвейерный транспорт', 'зеленый', '#00cc00', '2022-09-30 09:59:08', '2022-09-30 09:59:08', NULL),
( 'Ht', 'Гидротранспорт', 'оранжевый', '#ffcc66', '2022-09-30 09:59:08', '2022-09-30 09:59:08', NULL),
( 'Sh ', 'Суда (морские, речные)', 'голубой', '#66ccff', '2022-09-30 09:59:08', '2022-09-30 09:59:08', NULL),
( 'Ai', 'Авиа транспорт', 'фиолетовый', '#cc99ff', '2022-09-30 09:59:08', '2022-09-30 09:59:08', NULL),
( 'In', 'Транспортировка внутри ПЕ между переделами', 'белый', '#ffffff', '2022-09-30 09:59:08', '2022-09-30 09:59:08', NULL);

INSERT INTO public.transport_spr (node_code, node_type, business_org_code, production_unit_code, redev_code, transport_type_code, sap_code, node_name, tag_alternative, period, delay_time, max_power, created_at, updated_at, deleted_at) VALUES
('DR-109W_TO-104W_Ct_1', 'T', '0101', '0101-TOF0', 'DR-109W', 'Ct', NULL, 'Транспортировка руды р.Таймырский', NULL, NULL, NULL, NULL, '2022-10-18 12:52:21', '2022-10-18 12:52:21', NULL),
('DR-109W_TO-104W_Av_2', 'T', '0101', '0101-CATK', 'DR-109W', 'Av', NULL, 'Транспортировка руды р.Таймырский', 'DR-109W_TO-104W_Ct_1', NULL, NULL, NULL, '2022-10-18 12:52:21', '2022-10-18 12:52:21', NULL),
('DR-109W_PS-105W_Ri_1', 'T', '0101', '0101-PTZT', NULL, 'Ri', NULL, 'Транспортировка руды р.Таймырский', NULL, NULL, NULL, NULL, '2022-10-18 12:52:21', '2022-10-18 12:52:21', NULL),
('DR-110W_TO-104W_Ct_1', 'T', '0101', '0101-TOF0', 'DR-110W', 'Ct', NULL, 'Транспортировка руды р.Октябрьский', NULL, NULL, NULL, NULL, '2022-10-18 12:52:21', '2022-10-18 12:52:21', NULL),
('DR-110W_TO-104W_Av_2', 'T', '0101', '0101-CATK', 'DR-110W', 'Av', NULL, 'Транспортировка руды р.Октябрьский', 'DR-110W_TO-104W_Ct_1', NULL, NULL, NULL, '2022-10-18 12:52:21', '2022-10-18 12:52:21', NULL),
('DR-114W_PM-102W_Ri_1', 'T', '0101', '0101-PTZT', NULL, 'Ri', NULL, 'Транспортировка руды р.Маяк', NULL, NULL, NULL, NULL, '2022-10-18 12:52:21', '2022-10-18 12:52:21', NULL),
('DR-133W_TO-104W_Av_1', 'T', '0101', '0101-CATK', 'DR-133W', 'Av', NULL, 'Транспортировка руды р.Скалистый', NULL, NULL, NULL, NULL, '2022-10-18 12:52:21', '2022-10-18 12:52:21', NULL),
('TO-104W_TF-102W_Ht_1', 'T', '0101', '0101-TOF0', 'TO-104W', 'Ht', NULL, 'Транспортировка концентрата', NULL, NULL, NULL, NULL, '2022-10-18 12:52:21', '2022-10-18 12:52:21', NULL),
('TO-104W_SN-105W_Ht_1', 'T', '0101', '0101-TOF0', 'TO-104W', 'Ht', NULL, 'Транспортировка концентрата', NULL, NULL, NULL, NULL, '2022-10-18 12:52:21', '2022-10-18 12:52:21', NULL),
( 'TO-104W_GN-105W_Ht_1', 'T', '0101', '0101-TOF0', 'TO-104W', 'Ht', NULL, 'Транспортировка металлосодержащего продукта', NULL, NULL, NULL, NULL, '2022-10-18 12:52:21', '2022-10-18 12:52:21', NULL),
( 'BN-102W_TO-104W_Av_1', 'T', '0101', '0101-CATK', 'BN-102W', 'Av', NULL, 'Транспортировка бисульфита', NULL, NULL, NULL, NULL, '2022-10-18 12:52:21', '2022-10-18 12:52:21', NULL),
( 'BN-102W_IF-301W_Av_1', 'T', '0101', '0101-CATK', 'BN-102W', 'Av', NULL, 'Транспортировка бисульфита', NULL, NULL, NULL, NULL, '2022-10-18 12:52:21', '2022-10-18 12:52:21', NULL),
( 'KM-102W_PS-105W_Ri_1', 'T', '0101', '0101-PTZT', NULL, 'Ri', NULL, 'Транспортировка шлака никелевого', NULL, NULL, NULL, NULL, '2022-10-18 12:52:21', '2022-10-18 12:52:21', NULL),
( 'RM-102W_GN-105W_Av_1', 'T', '0101', '0101-CATK', 'RM-102W', 'Av', NULL, 'Транспортировка растворов', NULL, NULL, NULL, NULL, '2022-10-18 12:52:21', '2022-10-18 12:52:21', NULL),
( 'KA-102W_GN-105W_Av_1', 'T', '0101', '0101-CATK', 'KA-102W', 'Av', NULL, 'Транспортировка растворов', NULL, NULL, NULL, NULL, '2022-10-18 12:52:21', '2022-10-18 12:52:21', NULL),
( 'KP-102W_GN-105W_Av_1', 'T', '0101', '0101-CATK', 'KP-102W', 'Av', NULL, 'Транспортировка растворов', NULL, NULL, NULL, NULL, '2022-10-18 12:52:21', '2022-10-18 12:52:21', NULL),
( 'SB-102W_GN-105W_Av_1', 'T', '0101', '0101-CATK', 'SB-102W', 'Av', NULL, 'Транспортировка серы', NULL, NULL, NULL, NULL, '2022-10-18 12:52:21', '2022-10-18 12:52:21', NULL),
( 'CN-105W_MP-600U_Ri_1', 'T', '0101', '0101-PTZT', NULL, 'Ri', NULL, 'Транспортировка файнштейна', NULL, NULL, NULL, NULL, '2022-10-18 12:52:21', '2022-10-18 12:52:21', NULL),
( 'CN-105W_KM-102W_Ri_1', 'T', '0101', '0101-PTZT', NULL, 'Ri', NULL, 'Транспортировка оборотов НМЗ', NULL, NULL, NULL, NULL, '2022-10-18 12:52:21', '2022-10-18 12:52:21', NULL),
( 'GN-105W_TF-102W_Ht_1', 'T', '0101', '0101-TOF0', 'GN-105W', 'Ht', NULL, 'Транспортировка концентрата', NULL, NULL, NULL, NULL, '2022-10-18 12:52:21', '2022-10-18 12:52:21', NULL),
( 'DR-302W_IF-301W_Ri_1', 'T', '4900', '0101-PTZT', NULL, 'Ri', NULL, 'Транспортировка руды ш.Заполярная', NULL, NULL, NULL, NULL, '2022-10-18 12:52:21', '2022-10-18 12:52:21', NULL),
( 'D1-302W_IF-301W_Av_1', 'T', '4900', '0101-CATK', 'D1-302W', 'Av', NULL, 'Транспортировка руды к.Заполярный', NULL, NULL, NULL, NULL, '2022-10-18 12:52:21', '2022-10-18 12:52:21', NULL),
( 'IF-301W_TF-102W_Ht_1', 'T', '4900', '4900-NOBF', 'IF-301W', 'Ht', NULL, 'Транспортировка концентрата', NULL, NULL, NULL, NULL, '2022-10-18 12:52:21', '2022-10-18 12:52:21', NULL),
( 'IF-301W_SN-105W_Ht_1', 'T', '4900', '4900-NOBF', 'IF-301W', 'Ht', NULL, 'Транспортировка концентрата', NULL, NULL, NULL, NULL, '2022-10-18 12:52:21', '2022-10-18 12:52:21', NULL),
( 'MP-600U_PM-102W_Ri_1', 'T', '0102', '0101-PTZT', NULL, 'Ri', NULL, 'Транспортировка оборотов КГМК', NULL, NULL, NULL, NULL, '2022-10-18 12:52:21', '2022-10-18 12:52:21', NULL),
( 'MP-600U_ON-105W_Ri_1', 'T', '0102', '0101-PTZT', NULL, 'Ri', NULL, 'Транспортировка оборотов КГМК', NULL, NULL, NULL, NULL, '2022-10-18 12:52:21', '2022-10-18 12:52:21', NULL),
( 'MP-600U_CN-105W_Ri_1', 'T', '0102', '0101-PTZT', NULL, 'Ri', NULL, 'Транспортировка оборотов КГМК', NULL, NULL, NULL, NULL, '2022-10-18 12:52:21', '2022-10-18 12:52:21', NULL),
( 'TO-104W_НН-104W_Ht_1', 'T', '0101', '0101-TOF0', 'TO-104W', 'Ht', NULL, 'Транспортировка хвостов ТОФ', NULL, NULL, NULL, NULL, '2022-10-18 12:52:21', '2022-10-18 12:52:21', NULL),
( '1013049_IF-301W_Ri_1', 'T', '0101', '0101-PTZT', NULL, 'Ri', NULL, 'Транспортировка руды р.Октябрьский-НОФ', NULL, NULL, NULL, NULL, '2022-10-18 12:52:21', '2022-10-18 12:52:21', NULL),
( '1013050_IF-301W_Ri_1', 'T', '0101', '0101-PTZT', NULL, 'Ri', NULL, 'Транспортировка руды р.Комсомольский-НОФ', NULL, NULL, NULL, NULL, '2022-10-18 12:52:21', '2022-10-18 12:52:21', NULL),
( '1013047_IF-301W_Ri_1', 'T', '0101', '0101-PTZT', NULL, 'Ri', NULL, 'Транспортировка руды р.Маяк-НОФ', NULL, NULL, NULL, NULL, '2022-10-18 12:52:21', '2022-10-18 12:52:21', NULL),
( '0200-600U_Sh_1', 'T', NULL, NULL, NULL, 'Sh ', NULL, 'Морская транспортировка', NULL, NULL, NULL, NULL, '2022-10-18 12:52:21', '2022-10-18 12:52:21', NULL);

INSERT INTO public.warehouse_spr (storage_code, storage_type, node_name, node_code, product_enter_storage, is_storage_general, storage_max_volume, created_at, updated_at, deleted_at) VALUES 
('1013045-S', 'выходной', 'Руда богатая р.Таймырский', '1013045', NULL, NULL, NULL, '2022-09-30 10:06:54', '2022-09-30 10:06:54', NULL),
('1013050-S', 'выходной', 'Руда медистая р.Комсомольский', '1013050', NULL, NULL, NULL, '2022-09-30 10:06:54', '2022-09-30 10:06:54', NULL),
('1013044-S', 'выходной', 'Руда богатая р.Комсомольский', '1013044', NULL, NULL, NULL, '2022-09-30 10:06:54', '2022-09-30 10:06:54', NULL),
('1013047-S', 'выходной', 'Руда вкрапленная р.Маяк', '1013047', NULL, NULL, NULL, '2022-09-30 10:06:54', '2022-09-30 10:06:54', NULL),
('1013042-S', 'выходной', 'Руда богатая р.Маяк', '1013042', NULL, NULL, NULL, '2022-09-30 10:06:54', '2022-09-30 10:06:54', NULL),
('1013051-S', 'выходной', 'Руда медистая р.Октябрьский', '1013051', NULL, NULL, NULL, '2022-09-30 10:06:54', '2022-09-30 10:06:54', NULL),
('1013049-S', 'выходной', 'Руда вкрапленная р.Октябрьский', '1013049', NULL, NULL, NULL, '2022-09-30 10:06:54', '2022-09-30 10:06:54', NULL),
('1013046-S', 'выходной', 'Руда богатая р.Октябрьский', '1013046', NULL, NULL, NULL, '2022-09-30 10:06:54', '2022-09-30 10:06:54', NULL),
('1013043-S', 'выходной', 'Руда богатая р.Скалистый', '1013043', NULL, NULL, NULL, '2022-09-30 10:06:54', '2022-09-30 10:06:54', NULL),
( 'NP-113W-S1', 'входной', 'Нулевой пикет р.Комсомольский', 'NP-113W', 'Руда вкрапленная р.Маяк', NULL, 99999999, '2022-09-30 10:06:54', '2022-09-30 10:06:54', NULL),
( 'NP-113W-S2', 'входной', 'Нулевой пикет р.Комсомольский', 'NP-113W', 'Руда медистая р.Комсомольский', NULL, 99999999, '2022-09-30 10:06:54', '2022-09-30 10:06:54', NULL),
( 'NP-113W-S3', 'входной', 'Нулевой пикет р.Комсомольский', 'NP-113W', 'Руда медистая р.Октябрьский', NULL, 99999999, '2022-09-30 10:06:54', '2022-09-30 10:06:54', NULL),
( 'NP-113W-S4', 'входной', 'Нулевой пикет р.Комсомольский', 'NP-113W', 'Руда вкрапленная р.Октябрьский', NULL, 99999999, '2022-09-30 10:06:54', '2022-09-30 10:06:54', NULL),
( '1140001-S', 'выходной', 'Руда вкрапленная р.Маяк (НП)', '1140001', NULL, NULL, 99999999, '2022-09-30 10:06:54', '2022-09-30 10:06:54', NULL),
( '1130001-S', 'выходной', 'Руда медистая р.Комсомольский (НП)', '1130001', NULL, NULL, 99999999, '2022-09-30 10:06:54', '2022-09-30 10:06:54', NULL),
( '1100001-S', 'выходной', 'Руда медистая р.Октябрьский (НП)', '1100001', NULL, NULL, 99999999, '2022-09-30 10:06:54', '2022-09-30 10:06:54', NULL),
( '1100002-S', 'выходной', 'Руда вкрапленная р.Октябрьский (НП)', '1100002', NULL, NULL, 99999999, '2022-09-30 10:06:54', '2022-09-30 10:06:54', NULL),
( 'GN-105W-S1', 'входной', 'Гидрометаллургический передел с флотацией шлака', 'GN-105W', 'растворы', NULL, NULL, '2022-09-30 10:06:54', '2022-09-30 10:06:54', NULL),
( 'GN-105W-S2', 'входной', 'Гидрометаллургический передел с флотацией шлака', 'GN-105W', 'концентра Ni отстойника', NULL, NULL, '2022-09-30 10:06:54', '2022-09-30 10:06:54', NULL),
( 'GN-105W-S3', 'входной', 'Гидрометаллургический передел с флотацией шлака', 'GN-105W', 'Металлосодержаший ТОФ', NULL, NULL, '2022-09-30 10:06:54', '2022-09-30 10:06:54', NULL),
( 'GN-105W-S4', 'входной', 'Гидрометаллургический передел с флотацией шлака', 'GN-105W', 'пульпа Ni шлака', NULL, NULL, '2022-09-30 10:06:54', '2022-09-30 10:06:54', NULL),
( '1013067-S', 'выходной', 'Концентрат сульфидный', '1013067', NULL, NULL, NULL, '2022-09-30 10:06:54', '2022-09-30 10:06:54', NULL),
( '1010375-S', 'выходной', 'Хвосты отвальные ГМП', '1010375', NULL, NULL, 99999999, '2022-09-30 10:06:54', '2022-09-30 10:06:54', NULL),
( '9999913-S', 'выходной', 'Потери ГМП', '9999913', NULL, NULL, 99999999, '2022-09-30 10:06:54', '2022-09-30 10:06:54', NULL),
( '1050002-S', 'выходной', 'Сливы ГМП', '1050002', NULL, NULL, 99999999, '2022-09-30 10:06:54', '2022-09-30 10:06:54', NULL),
( '079011-S', 'выходной', 'Сера элементарная', '079011', NULL, NULL, 99999999, '2022-09-30 10:06:54', '2022-09-30 10:06:54', NULL),
( '1013176-S', 'выходной', 'Концентрат никелевый ГМП', '1013176', NULL, NULL, NULL, '2022-09-30 10:06:54', '2022-09-30 10:06:54', NULL),
( '1013177-S', 'выходной', 'Концентрат медный ГМП', '1013177', NULL, NULL, NULL, '2022-09-30 10:06:54', '2022-09-30 10:06:54', NULL),
( 'SN-105W-S1', 'входной', 'Сгущение никель-сульфидного концентрата', 'SN-105W', 'Ni  концентра ГМП', NULL, NULL, '2022-09-30 10:06:54', '2022-09-30 10:06:54', NULL),
( 'SN-105W-S2', 'входной', 'Сгущение никель-сульфидного концентрата', 'SN-105W', 'Сульфидный концентрат', NULL, NULL, '2022-09-30 10:06:54', '2022-09-30 10:06:54', NULL),
( 'SN-105W-S3', 'входной', 'Сгущение никель-сульфидного концентрата', 'SN-105W', 'Концентраты ТМ', NULL, NULL, '2022-09-30 10:06:54', '2022-09-30 10:06:54', NULL),
( 'SN-105W-S4', 'входной', 'Сгущение никель-сульфидного концентрата', 'SN-105W', 'Ni  концентра НОФ', NULL, NULL, '2022-09-30 10:06:54', '2022-09-30 10:06:54', NULL),
( 'SN-105W-S5', 'входной', 'Сгущение никель-сульфидного концентрата', 'SN-105W', 'Ni-Po концентрат ТОФ', NULL, NULL, '2022-09-30 10:06:54', '2022-09-30 10:06:54', NULL),
( '1013068-S', 'выходной', 'СНСК', '1013068', NULL, NULL, NULL, '2022-09-30 10:06:54', '2022-09-30 10:06:54', NULL),
( '850438-S', 'выходной', 'СНСК в хранилище', '850438', NULL, NULL, 99999999, '2022-09-30 10:06:54', '2022-09-30 10:06:54', NULL),
( 'PN-105W-S1', 'входной', 'Плавка в печах взвешенной плавки', 'PN-105W', 'СНСК', NULL, NULL, '2022-09-30 10:06:54', '2022-09-30 10:06:54', NULL),
( 'PN-105W-S2', 'входной', 'Плавка в печах взвешенной плавки', 'PN-105W', 'Кварцевый песок', NULL, NULL, '2022-09-30 10:06:54', '2022-09-30 10:06:54', NULL),
( 'PN-105W-S3', 'входной', 'Плавка в печах взвешенной плавки', 'PN-105W', 'Пыль конвертерная Ni', NULL, NULL, '2022-09-30 10:06:54', '2022-09-30 10:06:54', NULL),
( '1013070-S', 'выходной', 'Шлак никелевый ПВП', '1013070', NULL, NULL, 0, '2022-09-30 10:06:54', '2022-09-30 10:06:54', NULL),
( '1013069-S', 'выходной', 'Штейн никелевый ПВП', '1013069', NULL, NULL, 0, '2022-09-30 10:06:54', '2022-09-30 10:06:54', NULL),
( '9999912-S', 'выходной', 'Потери ПВП', '9999912', NULL, NULL, 99999999, '2022-09-30 10:06:54', '2022-09-30 10:06:54', NULL),
( '8888803-S', 'выходной', 'Газ технологический ПВП', '8888803', NULL, NULL, 99999999, '2022-09-30 10:06:54', '2022-09-30 10:06:54', NULL),
( 'ON-105W-S1', 'входной', 'Обеднительная электроплавка', 'ON-105W', 'Шлак ПВП', NULL, NULL, '2022-09-30 10:06:54', '2022-09-30 10:06:54', NULL),
( 'ON-105W-S2', 'входной', 'Обеднительная электроплавка', 'ON-105W', 'Шлак КО', NULL, NULL, '2022-09-30 10:06:54', '2022-09-30 10:06:54', NULL),
( 'ON-105W-S3', 'входной', 'Обеднительная электроплавка', 'ON-105W', 'Обороты КГМК', NULL, NULL, '2022-09-30 10:06:54', '2022-09-30 10:06:54', NULL),
( 'ON-105W-S4', 'входной', 'Обеднительная электроплавка', 'ON-105W', 'обороты бедные', NULL, NULL, '2022-09-30 10:06:54', '2022-09-30 10:06:54', NULL),
( 'ON-105W-S5', 'входной', 'Обеднительная электроплавка', 'ON-105W', 'Руда рТаймырский дробленая', NULL, NULL, '2022-09-30 10:06:54', '2022-09-30 10:06:54', NULL),
( 'ON-105W-S6', 'входной', 'Обеднительная электроплавка', 'ON-105W', 'Порода вскрышная', NULL, NULL, '2022-09-30 10:06:54', '2022-09-30 10:06:54', NULL),
( '1013071-S', 'выходной', 'Штейн ОЭП', '1013071', NULL, NULL, 0, '2022-09-30 10:06:54', '2022-09-30 10:06:54', NULL),
( '1010377-S', 'выходной', 'Шлак отвальный ОЭП', '1010377', NULL, NULL, 99999999, '2022-09-30 10:06:54', '2022-09-30 10:06:54', NULL),
( '9999914-S', 'выходной', 'Потери ОЭП', '9999914', NULL, NULL, 99999999, '2022-09-30 10:06:54', '2022-09-30 10:06:54', NULL),
( '8888804-S', 'выходной', 'Газ технологический ОЭП', '8888804', NULL, NULL, 99999999, '2022-09-30 10:06:54', '2022-09-30 10:06:54', NULL),
( 'CN-105W-S1', 'входной', 'Конвертирование никелевых штейнов', 'CN-105W', 'Штейн ПВП', NULL, 0, '2022-09-30 10:06:54', '2022-09-30 10:06:54', NULL),
( 'CN-105W-S2', 'входной', 'Конвертирование никелевых штейнов', 'CN-105W', 'обороты бедные', NULL, NULL, '2022-09-30 10:06:54', '2022-09-30 10:06:54', NULL),
( 'CN-105W-S3', 'входной', 'Конвертирование никелевых штейнов', 'CN-105W', 'Порода вскрышная', NULL, NULL, '2022-09-30 10:06:54', '2022-09-30 10:06:54', NULL),
( '1010372-S', 'выходной', 'Обороты бедные конвертерные', '1010372', NULL, NULL, NULL, '2022-09-30 10:06:54', '2022-09-30 10:06:54', NULL),
( '1013072-S', 'выходной', 'Шлак никелевый конвертерный', '1013072', NULL, NULL, 99999999, '2022-09-30 10:06:54', '2022-09-30 10:06:54', NULL),
( '1013073-S', 'выходной', 'Файнштейн медно-никелевый', '1013073', NULL, NULL, NULL, '2022-09-30 10:06:54', '2022-09-30 10:06:54', NULL),
( '1013075-S', 'выходной', 'Пыль никелевая конвертерная', '1013075', NULL, NULL, 99999999, '2022-09-30 10:06:54', '2022-09-30 10:06:54', NULL),
( '8888805-S', 'выходной', 'Газ технологический конвертирования никелевых штейнов', '8888805', NULL, NULL, 99999999, '2022-09-30 10:06:54', '2022-09-30 10:06:54', NULL),
( '9999915-S', 'выходной', 'Потери конвертирования никелевых штейнов', '9999915', NULL, NULL, 99999999, '2022-09-30 10:06:54', '2022-09-30 10:06:54', NULL),
( 'PS-105W-S1', 'входной', 'Цеха подготовки сырья и шихты', 'PS-105W', 'Руда рТаймырский', NULL, NULL, '2022-09-30 10:06:54', '2022-09-30 10:06:54', NULL),
( 'PS-105W-S2', 'входной', 'Цеха подготовки сырья и шихты', 'PS-105W', 'шлак Ni МЗ', NULL, NULL, '2022-09-30 10:06:54', '2022-09-30 10:06:54', NULL),
( 'PS-105W-S3', 'входной', 'Цеха подготовки сырья и шихты', 'PS-105W', 'Обоpоты бедные конвертерные', NULL, NULL, '2022-09-30 10:06:54', '2022-09-30 10:06:54', NULL),
( '1050011-S', 'выходной', 'Пульпа шлака никелевого МЗ', '1050011', NULL, NULL, NULL, '2022-09-30 10:06:54', '2022-09-30 10:06:54', NULL),
( '798059-S', 'выходной', 'Песок кварцевый', '798059', NULL, NULL, NULL, '2022-09-30 10:06:54', '2022-09-30 10:06:54', NULL),
( '1000196-S', 'выходной', 'Выломки металлургических агрегатов АО "КГМК"', '1000196', NULL, NULL, NULL, '2022-09-30 10:06:54', '2022-09-30 10:06:54', NULL),
( '1000192-S', 'выходной', 'Немагнитная фракция АО "КГМК"', '1000192', NULL, NULL, NULL, '2022-09-30 10:06:54', '2022-09-30 10:06:54', NULL),
( '1000191-S', 'выходной', 'Окатыши остатков дожигание АО "КГМК"', '1000191', NULL, NULL, NULL, '2022-09-30 10:06:54', '2022-09-30 10:06:54', NULL),
( '1000193-S', 'выходной', 'Шлак анодный никелевый АО "КГМК"', '1000193', NULL, NULL, NULL, '2022-09-30 10:06:54', '2022-09-30 10:06:54', NULL),
( '1000187-S', 'выходной', 'Пыль РЦ АО "КГМК"', '1000187', NULL, NULL, NULL, '2022-09-30 10:06:54', '2022-09-30 10:06:54', NULL),
( '1050010-S', 'выходной', 'Шлак никелевый дробленый', '1050010', NULL, NULL, NULL, '2022-09-30 10:06:54', '2022-09-30 10:06:54', NULL),
( '10820767-S', 'выходной', 'Порода вскрышная', '10820767', NULL, NULL, NULL, '2022-09-30 10:06:54', '2022-09-30 10:06:54', NULL),
( '1090001-S', 'выходной', 'Руда богатая р.Таймырский дробленая', '1090001', NULL, NULL, NULL, '2022-09-30 10:06:54', '2022-09-30 10:06:54', NULL),
( 'TO-104W-S1', 'входной', 'Переработка богатых и медистых руд', 'TO-104W', 'руда', NULL, 400000, '2022-09-30 10:06:54', '2022-09-30 10:06:54', NULL),
( '907456-S', 'выходной', 'Бисульфит натрия', '907456', NULL, NULL, NULL, '2022-09-30 10:06:54', '2022-09-30 10:06:54', NULL),
( '1013055-S', 'выходной', 'Концентрат медный ТОФ', '1013055', NULL, NULL, NULL, '2022-09-30 10:06:54', '2022-09-30 10:06:54', NULL),
( '1013059-S', 'выходной', 'Хвосты отвальные ТОФ', '1013059', NULL, NULL, NULL, '2022-09-30 10:06:54', '2022-09-30 10:06:54', NULL),
( '421490-S', 'выходной', 'Хвосты отвальные на закладку', '421490', NULL, NULL, NULL, '2022-09-30 10:06:54', '2022-09-30 10:06:54', NULL),
( '9999901-S', 'выходной', 'Потери ТОФ', '9999901', NULL, NULL, 99999999, '2022-09-30 10:06:54', '2022-09-30 10:06:54', NULL),
( '1013057-S', 'выходной', 'Концентрат никель-пирротиновый ТОФ', '1013057', NULL, NULL, NULL, '2022-09-30 10:06:54', '2022-09-30 10:06:54', NULL),
( '1040001-S', 'выходной', 'Концентрат дофлотации малоникелистого пирротина', '1040001', NULL, NULL, NULL, '2022-09-30 10:06:54', '2022-09-30 10:06:54', NULL),
( '1040003-S', 'выходной', 'Материал пруда-накопителя', '1040003', NULL, NULL, NULL, '2022-09-30 10:06:54', '2022-09-30 10:06:54', NULL),
( 'TF-102W-S1', 'входной', 'Участок фильтрации медного концентрата', 'TF-102W', 'концентраты ОФ', NULL, NULL, '2022-09-30 10:06:54', '2022-09-30 10:06:54', NULL),
( '1013056-S', 'выходной', 'Концентрат медный отфильтрованный', '1013056', NULL, NULL, NULL, '2022-09-30 10:06:54', '2022-09-30 10:06:54', NULL),
( '1013052-S', 'выходной', 'Слив сгустителей УФМК в отст. № 3,4', '1013052', NULL, NULL, NULL, '2022-09-30 10:06:54', '2022-09-30 10:06:54', NULL),
( '9999902-S', 'выходной', 'Потери УФМК', '9999902', NULL, NULL, 99999999, '2022-09-30 10:06:54', '2022-09-30 10:06:54', NULL),
( 'SM-102W-S1', 'входной', 'Сушка медного концентрата', 'SM-102W', 'концентрат отфильтрованный', NULL, NULL, '2022-09-30 10:06:54', '2022-09-30 10:06:54', NULL),
( '1013053-S', 'выходной', 'Пульпа объединенная', '1013053', NULL, NULL, NULL, '2022-09-30 10:06:54', '2022-09-30 10:06:54', NULL),
( '1013124-S', 'выходной', 'Концентрат медный подсушенный', '1013124', NULL, NULL, NULL, '2022-09-30 10:06:54', '2022-09-30 10:06:54', NULL),
( '9999903-S', 'выходной', 'Потери СУ', '9999903', NULL, NULL, 99999999, '2022-09-30 10:06:54', '2022-09-30 10:06:54', NULL),
( 'PM-102W-S1', 'входной', 'Плавка в печах Ванюкова', 'PM-102W', 'концентраты на плавку', NULL, NULL, '2022-09-30 10:06:54', '2022-09-30 10:06:54', NULL),
( 'PM-102W-S2', 'входной', 'Плавка в печах Ванюкова', 'PM-102W', 'Обороты КГМК, МЗ, ТМ, кек, КЦМЗ', NULL, NULL, '2022-09-30 10:06:54', '2022-09-30 10:06:54', NULL),
( 'PM-102W-S3', 'входной', 'Плавка в печах Ванюкова', 'PM-102W', 'Руда р-ка "Маяк" богатая', NULL, NULL, '2022-09-30 10:06:54', '2022-09-30 10:06:54', NULL),
( 'PM-102W-S4', 'входной', 'Плавка в печах Ванюкова', 'PM-102W', 'Шлак конвертерный жидкий', NULL, 0, '2022-09-30 10:06:54', '2022-09-30 10:06:54', NULL),
( 'PM-102W-S5', 'входной', 'Плавка в печах Ванюкова', 'PM-102W', 'Песок', NULL, NULL, '2022-09-30 10:06:54', '2022-09-30 10:06:54', NULL),
( '1010387-S', 'выходной', 'Штейн ПВ', '1010387', NULL, NULL, 0, '2022-09-30 10:06:54', '2022-09-30 10:06:54', NULL),
( '1013122-S', 'выходной', 'Шлак отвальный МЗ', '1013122', NULL, NULL, 99999999, '2022-09-30 10:06:54', '2022-09-30 10:06:54', NULL),
( '1013125-S', 'выходной', 'Обороты бедные МЗ', '1013125', NULL, NULL, NULL, '2022-09-30 10:06:54', '2022-09-30 10:06:54', NULL),
( '8888801-S', 'выходной', 'Газы ПВ', '8888801', NULL, NULL, 99999999, '2022-09-30 10:06:54', '2022-09-30 10:06:54', NULL),
( '9999904-S', 'выходной', 'Потери ПВ', '9999904', NULL, NULL, 99999999, '2022-09-30 10:06:54', '2022-09-30 10:06:54', NULL),
( 'KM-102W-S1', 'входной', 'Конвертирование медных штейнов', 'KM-102W', 'штейн ПВ', NULL, 0, '2022-09-30 10:06:54', '2022-09-30 10:06:54', NULL),
( 'KM-102W-S2', 'входной', 'Конвертирование медных штейнов', 'KM-102W', 'Шлак анодный, лом, губка, шлак МЦ', NULL, 0, '2022-09-30 10:06:54', '2022-09-30 10:06:54', NULL),
( 'KM-102W-S3', 'входной', 'Конвертирование медных штейнов', 'KM-102W', 'Кварцит', NULL, NULL, '2022-09-30 10:06:54', '2022-09-30 10:06:54', NULL),
( 'KM-102W-S4', 'входной', 'Конвертирование медных штейнов', 'KM-102W', 'Концентрат ООО "ГРК Быстринское"', NULL, NULL, '2022-09-30 10:06:54', '2022-09-30 10:06:54', NULL),
( '1013106-S', 'выходной', 'Медь черновая', '1013106', NULL, NULL, 0, '2022-09-30 10:06:54', '2022-09-30 10:06:54', NULL),
( '1013118-S', 'выходной', 'Шлак никелевый МЗ', '1013118', NULL, NULL, 99999999, '2022-09-30 10:06:54', '2022-09-30 10:06:54', NULL),
( '1013129-S', 'выходной', 'Шлак конвертерный жидкий', '1013129', NULL, NULL, 0, '2022-09-30 10:06:54', '2022-09-30 10:06:54', NULL),
( '9999905-S', 'выходной', 'Потери конвертирования', '9999905', NULL, NULL, 99999999, '2022-09-30 10:06:54', '2022-09-30 10:06:54', NULL),
( 'AM-102W-S1', 'входной', 'Огневое рафинирование черновой меди', 'AM-102W', 'медь черновая', NULL, 0, '2022-09-30 10:06:54', '2022-09-30 10:06:54', NULL),
( 'AM-102W-S2', 'входной', 'Огневое рафинирование черновой меди', 'AM-102W', 'Обороты (скрап, оборотоы ЦЭМ)', NULL, 0, '2022-09-30 10:06:54', '2022-09-30 10:06:54', NULL),
( '1013078-S', 'выходной', 'Медь анодная', '1013078', NULL, NULL, NULL, '2022-09-30 10:06:54', '2022-09-30 10:06:54', NULL),
( '3031806-S', 'выходной', 'Медные изделия на НМЗ (горловины)', '3031806', NULL, NULL, 99999999, '2022-09-30 10:06:54', '2022-09-30 10:06:54', NULL),
( '3031805-S', 'выходной', 'Изложницы медные для МЦ', '3031805', NULL, NULL, 99999999, '2022-09-30 10:06:54', '2022-09-30 10:06:54', NULL),
( '1013128-S', 'выходной', 'Шлак анодный', '1013128', NULL, NULL, 0, '2022-09-30 10:06:54', '2022-09-30 10:06:54', NULL),
( '9999906-S', 'выходной', 'Потери рафинирования', '9999906', NULL, NULL, 99999999, '2022-09-30 10:06:54', '2022-09-30 10:06:54', NULL),
( 'RM-102W-S1', 'входной', 'Электролитическое рафинирование меди', 'RM-102W', 'анод медный', NULL, NULL, '2022-09-30 10:06:54', '2022-09-30 10:06:54', NULL),
( '1013102-S', 'выходной', 'Медь катодная', '1013102', NULL, NULL, NULL, '2022-09-30 10:06:54', '2022-09-30 10:06:54', NULL),
( '1013081-S', 'выходной', 'Катоды медные бракованные', '1013081', NULL, NULL, NULL, '2022-09-30 10:06:54', '2022-09-30 10:06:54', NULL),
( '1013080-S', 'выходной', 'Губка медная ЦЭМ', '1013080', NULL, NULL, NULL, '2022-09-30 10:06:54', '2022-09-30 10:06:54', NULL),
( '1013079-S', 'выходной', 'Медь регенерации ЦЭМ ', '1013079', NULL, NULL, NULL, '2022-09-30 10:06:54', '2022-09-30 10:06:54', NULL),
( '1013141-S', 'выходной', 'Отходы ЦЭМ', '1013141', NULL, NULL, 0, '2022-09-30 10:06:54', '2022-09-30 10:06:54', NULL),
( '1013130-S', 'выходной', 'Скрап медный анодный', '1013130', NULL, NULL, 0, '2022-09-30 10:06:54', '2022-09-30 10:06:54', NULL),
( '1013084-S', 'выходной', 'Шлам медный', '1013084', NULL, NULL, NULL, '2022-09-30 10:06:54', '2022-09-30 10:06:54', NULL),
( '1013098-S', 'выходной', 'Раствор обезмеженный', '1013098', NULL, NULL, NULL, '2022-09-30 10:06:54', '2022-09-30 10:06:54', NULL),
( '1020001-S', 'выходной', 'Воды промышленные ЦЭМ, (промстоки)', '1020001', NULL, NULL, NULL, '2022-09-30 10:06:54', '2022-09-30 10:06:54', NULL),
( '9999911-S', 'выходной', 'Потери ЦЭМ', '9999911', NULL, NULL, 99999999, '2022-09-30 10:06:54', '2022-09-30 10:06:54', NULL),
( 'KP-102W-S1', 'входной', 'Производство МПГ в КП', 'KP-102W', 'губка медная', NULL, NULL, '2022-09-30 10:06:54', '2022-09-30 10:06:54', NULL),
( 'KP-102W-S2', 'входной', 'Производство МПГ в КП', 'KP-102W', 'кек осаждения ДМ', NULL, NULL, '2022-09-30 10:06:54', '2022-09-30 10:06:54', NULL),
( 'KP-102W-S3', 'входной', 'Производство МПГ в КП', 'KP-102W', 'аноды вторичные', NULL, NULL, '2022-09-30 10:06:54', '2022-09-30 10:06:54', NULL),
( 'KP-102W-S4', 'входной', 'Производство МПГ в КП', 'KP-102W', 'растворы хлорида Ag', NULL, NULL, '2022-09-30 10:06:54', '2022-09-30 10:06:54', NULL),
( '1013095-S', 'выходной', 'Раствор ВАР медно-никелевый', '1013095', NULL, NULL, NULL, '2022-09-30 10:06:54', '2022-09-30 10:06:54', NULL),
( '9999908-S', 'выходной', 'Потери МПГ в КП', '9999908', NULL, NULL, NULL, '2022-09-30 10:06:54', '2022-09-30 10:06:54', NULL),
( '1013134-S', 'выходной', 'КП', '1013134', NULL, NULL, NULL, '2022-09-30 10:06:54', '2022-09-30 10:06:54', NULL),
( '1013091-S', 'выходной', 'Раствор выщелачивания огарка', '1013091', NULL, NULL, NULL, '2022-09-30 10:06:54', '2022-09-30 10:06:54', NULL),
( '1013089-S', 'выходной', 'Скрап анодов вторичных', '1013089', NULL, NULL, NULL, '2022-09-30 10:06:54', '2022-09-30 10:06:54', NULL),
( '1013090-S', 'выходной', 'Фракция промывки скрапа', '1013090', NULL, NULL, NULL, '2022-09-30 10:06:54', '2022-09-30 10:06:54', NULL),
( 'KA-102W-S1', 'входной', 'Производство МПГ в анодах', 'KA-102W', 'Шлам медный', NULL, NULL, '2022-09-30 10:06:54', '2022-09-30 10:06:54', NULL),
( 'KA-102W-S2', 'входной', 'Производство МПГ в анодах', 'KA-102W', 'Изложницы медные для МЦ, скрап', NULL, NULL, '2022-09-30 10:06:54', '2022-09-30 10:06:54', NULL),
( 'KA-102W-S3', 'входной', 'Производство МПГ в анодах', 'KA-102W', 'Раствор выщелачивания огарка', NULL, NULL, '2022-09-30 10:06:54', '2022-09-30 10:06:54', NULL),
( '1013061-S', 'выходной', 'Раствор медно-никелевый МЦ', '1013061', NULL, NULL, NULL, '2022-09-30 10:06:54', '2022-09-30 10:06:54', NULL),
( '9999907-S', 'выходной', 'Потери МПГ в анодах', '9999907', NULL, NULL, NULL, '2022-09-30 10:06:54', '2022-09-30 10:06:54', NULL),
( '1013094-S', 'выходной', 'Кек осаждения ДМ', '1013094', NULL, NULL, NULL, '2022-09-30 10:06:54', '2022-09-30 10:06:54', NULL),
( '1013093-S', 'выходной', 'Хлорид серебра отфильтрованный', '1013093', NULL, NULL, NULL, '2022-09-30 10:06:54', '2022-09-30 10:06:54', NULL),
( '1013088-S', 'выходной', 'Аноды вторичные', '1013088', NULL, NULL, NULL, '2022-09-30 10:06:54', '2022-09-30 10:06:54', NULL),
( '1013085-S', 'выходной', 'Шлак вторичный МЦ', '1013085', NULL, NULL, NULL, '2022-09-30 10:06:54', '2022-09-30 10:06:54', NULL),
( '373015-S', 'выходной', 'Лом изложниц медных МЦ', '373015', NULL, NULL, NULL, '2022-09-30 10:06:54', '2022-09-30 10:06:54', NULL),
( 'AG-102W-S1', 'входной', 'Производство СЧП', 'AG-102W', 'Хлорид серебра', NULL, NULL, '2022-09-30 10:06:54', '2022-09-30 10:06:54', NULL),
( '1013115-S', 'выходной', 'Серебро черновое в порошке', '1013115', NULL, NULL, NULL, '2022-09-30 10:06:54', '2022-09-30 10:06:54', NULL),
( '1013099-S', 'выходной', 'Раствор переработки хлорида серебра', '1013099', NULL, NULL, NULL, '2022-09-30 10:06:54', '2022-09-30 10:06:54', NULL),
( '9999909-S', 'выходной', 'Потери СПЧ', '9999909', NULL, NULL, NULL, '2022-09-30 10:06:54', '2022-09-30 10:06:54', NULL),
( 'GO-102W-S1', 'входной', 'Участок мокрой газоочистки', 'GO-102W', 'Газы ПВ', NULL, 99999999, '2022-09-30 10:06:54', '2022-09-30 10:06:54', NULL),
( '8888802-S', 'выходной', 'Газы очищенные МГО', '8888802', NULL, NULL, 99999999, '2022-09-30 10:06:54', '2022-09-30 10:06:54', NULL),
( '1020004-S', 'выходной', 'Стоки ОМГО', '1020004', NULL, NULL, 99999999, '2022-09-30 10:06:54', '2022-09-30 10:06:54', NULL),
( '7777701-S', 'выходной', 'Сера в газах на производство бисульфита', '7777701', NULL, NULL, 99999999, '2022-09-30 10:06:54', '2022-09-30 10:06:54', NULL),
( '7777702-S', 'выходной', 'Сера в газах на производство кислоты', '7777702', NULL, NULL, 99999999, '2022-09-30 10:06:54', '2022-09-30 10:06:54', NULL),
( '1013132-S', 'выходной', 'КЕК УФП ОМГО', '1013132', NULL, NULL, 99999999, '2022-09-30 10:06:54', '2022-09-30 10:06:54', NULL),
( 'SA-102W-S1', 'входной', 'Производство серной кислоты', 'SA-102W', 'Сера в газах', NULL, 99999999, '2022-09-30 10:06:54', '2022-09-30 10:06:54', NULL),
( '1013121-S', 'выходной', 'Кислота серная', '1013121', NULL, NULL, 99999999, '2022-09-30 10:06:54', '2022-09-30 10:06:54', NULL),
( 'SB-102W-S1', 'входной', 'Производство серы', 'SB-102W', 'Газы МГО', NULL, NULL, '2022-09-30 10:06:54', '2022-09-30 10:06:54', NULL),
( '1013114-S', 'выходной', 'Сера техническая жидкая МЗ', '1013114', NULL, NULL, NULL, '2022-09-30 10:06:54', '2022-09-30 10:06:54', NULL),
( '9999910-S', 'выходной', 'Потери УПЭС', '9999910', NULL, NULL, 99999999, '2022-09-30 10:06:54', '2022-09-30 10:06:54', NULL),
( 'PR-102W-S1', 'входной', 'Участок переработки растворов', 'PR-102W', 'Стоки ОМГО', NULL, NULL, '2022-09-30 10:06:54', '2022-09-30 10:06:54', NULL),
( 'PR-102W-S2', 'входной', 'Участок переработки растворов', 'PR-102W', 'промстоки', NULL, NULL, '2022-09-30 10:06:54', '2022-09-30 10:06:54', NULL),
( '1020002-S', 'выходной', 'Кек ОС +фильтрат ОС', '1020002', NULL, NULL, 99999999, '2022-09-30 10:06:54', '2022-09-30 10:06:54', NULL),
( 'BN-102W-S1', 'входной', 'Производство бисульфита натрия', 'BN-102W', 'Сера в газах', NULL, 99999999, '2022-09-30 10:06:54', '2022-09-30 10:06:54', NULL),
( '1002006-S', 'выходной', 'Руда вкрапленная карьера р.Заполярный', '1002006', NULL, NULL, NULL, '2022-09-30 10:06:54', '2022-09-30 10:06:54', NULL),
( '1013193-S', 'выходной', 'Руда малосульфидная р.Заполярный', '1013193', NULL, NULL, NULL, '2022-09-30 10:06:54', '2022-09-30 10:06:54', NULL),
( '1002007-S', 'выходной', 'Руда вкрапленная шахты р.Заполярный ', '1002007', NULL, NULL, 99999999, '2022-09-30 10:06:54', '2022-09-30 10:06:54', NULL),
( 'IF-301W-S1', 'входной', 'Переработка НОФ', 'IF-301W', 'Руда шахты', NULL, NULL, '2022-09-30 10:06:54', '2022-09-30 10:06:54', NULL),
( 'IF-301W-S2', 'входной', 'Переработка НОФ', 'IF-301W', 'Руда карьера', NULL, NULL, '2022-09-30 10:06:54', '2022-09-30 10:06:54', NULL),
( 'IF-301W-S3', 'входной', 'Переработка НОФ', 'IF-301W', 'Руда с НП', NULL, NULL, '2022-09-30 10:06:54', '2022-09-30 10:06:54', NULL),
( 'IF-301W-S4', 'входной', 'Переработка НОФ', 'IF-301W', 'Бисульфит', NULL, NULL, '2022-09-30 10:06:54', '2022-09-30 10:06:54', NULL),
( '1002002-S', 'выходной', 'Концентрат медный НОФ', '1002002', NULL, NULL, NULL, '2022-09-30 10:06:54', '2022-09-30 10:06:54', NULL),
( '1002003-S', 'выходной', 'Концентрат никелевый НОФ', '1002003', NULL, NULL, NULL, '2022-09-30 10:06:54', '2022-09-30 10:06:54', NULL),
( '710851-S', 'выходной', 'Хвосты отвальные НОФ', '710851', NULL, NULL, 99999999, '2022-09-30 10:06:54', '2022-09-30 10:06:54', NULL),
( '9999916-S', 'выходной', 'Потери НОФ', '9999916', NULL, NULL, 99999999, '2022-09-30 10:06:54', '2022-09-30 10:06:54', NULL);

INSERT INTO public.departments_spr (business_org_code, code, short_name, name, created_at, updated_at, deleted_at) VALUES 
('0200', '0200-ENGC-PLMO', 'ЦЭО М', 'Центр энергообеспечения пл. Мончегорск', '2022-09-30 10:09:15', '2022-09-30 10:09:15', NULL),
('0200', '0200-ENGC-PLZN', 'ЦЭО З', 'Центр энергообеспечения пл. Заполярный', '2022-09-30 10:09:15', '2022-09-30 10:09:15', NULL),
('0200', '0200-MECO-ELZN', 'ЦЭН', 'Цех электролиза никеля', '2022-09-30 10:09:15', '2022-09-30 10:09:15', NULL),
('0200', '0200-MECO-HIMC', 'ХМЦ', 'Химико-металлургический цех', '2022-09-30 10:09:15', '2022-09-30 10:09:15', NULL),
('0200', '0200-MECO-METC', 'МЦ', 'Металлургический цех', '2022-09-30 10:09:15', '2022-09-30 10:09:15', NULL),
('0200', '0200-MECO-RAFC', 'РЦ', 'Рафинировочный цех', '2022-09-30 10:09:15', '2022-09-30 10:09:15', NULL),
('0200', '0200-NPCH-CTKO', 'ЦТК', 'Центр технического контроля', '2022-09-30 10:09:15', '2022-09-30 10:09:15', NULL),
('0200', '0200-NPCH-ASPS', 'АСС', 'Аварийно-спасательная служба', '2022-09-30 10:09:15', '2022-09-30 10:09:15', NULL),
('0200', '0200-NPCH-DBEZ', 'ДБ', 'Департамент безопасности', '2022-09-30 10:09:15', '2022-09-30 10:09:15', NULL),
( '0200', '0200-NPCH-DIT0', 'УЗИТ', 'Управление заказчика по информационным т', '2022-09-30 10:09:15', '2022-09-30 10:09:15', NULL),
( '0200', '0200-NPCH-DPB0', 'ДПБ', 'Департамент промышленной безопасности', '2022-09-30 10:09:15', '2022-09-30 10:09:15', NULL),
( '0200', '0200-NPCH-UD00', 'ДАУ', 'Департамент административного управления', '2022-09-30 10:09:15', '2022-09-30 10:09:15', NULL),
( '0200', '0200-OBCO-OBFB', 'ОФ', 'Обогатительная фабрика', '2022-09-30 10:09:15', '2022-09-30 10:09:15', NULL),
( '0200', '0200-RSEV-CNTR', 'ШЦ', 'Шахта Центральная', '2022-09-30 10:09:15', '2022-09-30 10:09:15', NULL),
( '0200', '0200-RSEV-KAUL', 'ШКК', 'Шахта Каула-Котсельваара', '2022-09-30 10:09:15', '2022-09-30 10:09:15', NULL),
( '0200', '0200-RSEV-OBSH', 'ОШУ', 'Общешахтные участки', '2022-09-30 10:09:15', '2022-09-30 10:09:15', NULL),
( '0200', '0200-RSEV-ZAPD', 'ШЗ', 'Шахта Западная', '2022-09-30 10:09:15', '2022-09-30 10:09:15', NULL),
( '0200', '0200-RSEV-PTO0', 'ПУПТ', 'Подземный участок подъемно-транспортного', '2022-09-30 10:09:15', '2022-09-30 10:09:15', NULL),
( '0200', '0200-RSEV-SIPO', 'СП', 'Системы промышленные', '2022-09-30 10:09:15', '2022-09-30 10:09:15', NULL),
( '0200', '0200-RSEV-UAHU', 'АХУ', 'Административно-хозяйственный участок', '2022-09-30 10:09:15', '2022-09-30 10:09:15', NULL),
( '0200', '0200-RSEV-ZDN0', 'ЗИС', 'Здания и сооружения', '2022-09-30 10:09:15', '2022-09-30 10:09:15', NULL),
( '0200', '0200-VSPC-CAP0', 'ЦАП', 'Центр автоматизации производства', '2022-09-30 10:09:15', '2022-09-30 10:09:15', NULL),
( '0200', '0200-VSPC-KAC0', 'КАЦ', 'Контрольно-аналитический центр', '2022-09-30 10:09:15', '2022-09-30 10:09:15', NULL),
( '0200', '0200-VSPC-MTO0', 'МТО', 'МТО', '2022-09-30 10:09:15', '2022-09-30 10:09:15', NULL),
( '0200', '0200-VSPC-NTCH', 'НТЦ', 'Научно технический центр', '2022-09-30 10:09:15', '2022-09-30 10:09:15', NULL),
( '0200', '0200-VSPC-TRC0', 'ТЦ', 'Транспортный цех', '2022-09-30 10:09:15', '2022-09-30 10:09:15', NULL),
( '4900', '4900-NOBF-DRBZ', 'ДЦ', 'цех ДЦ', '2022-09-30 10:09:15', '2022-09-30 10:09:15', NULL),
( '4900', '4900-NOBF-IFZH', 'ИФЦ', 'цех ИФЦ', '2022-09-30 10:09:15', '2022-09-30 10:09:15', NULL),
( '4900', '4900-NOBF-OBGP', 'Обогащение', 'Обогащение', '2022-09-30 10:09:15', '2022-09-30 10:09:15', NULL),
( '4900', '4900-NOBF-UAHO', 'УХО', 'участок УХО', '2022-09-30 10:09:15', '2022-09-30 10:09:15', NULL),
( '4900', '4900-NOBF-UISP', 'УИСП', 'участок УИСП', '2022-09-30 10:09:15', '2022-09-30 10:09:15', NULL),
( '4900', '4900-NOBF-UIZC', 'УИЗЧ', 'участок УИЗЧ', '2022-09-30 10:09:15', '2022-09-30 10:09:15', NULL),
( '4900', '4900-NOBF-USNK', 'УСНК', 'участок УСНК', '2022-09-30 10:09:15', '2022-09-30 10:09:15', NULL),
( '4900', '4900-NOBF-UVVS', 'УВВСиП', 'участок УВВСиП', '2022-09-30 10:09:15', '2022-09-30 10:09:15', NULL),
( '4900', '4900-NOBF-ZGTS', 'ЦГТСиГТ', 'цех ЦГТСиГТ', '2022-09-30 10:09:15', '2022-09-30 10:09:15', NULL),
( '4900', '4900-RZAP-KARR', 'карьер', 'карьер', '2022-09-30 10:09:15', '2022-09-30 10:09:15', NULL),
( '4900', '4900-RZAP-SHAH', 'шахта', 'шахта', '2022-09-30 10:09:15', '2022-09-30 10:09:15', NULL),
( '4900', '4900-NOBF-SAPR', 'САП', 'служба САП', '2022-09-30 10:09:15', '2022-09-30 10:09:15', NULL),
( '0101', '0101-138S-AUTO', NULL, 'Автоколонны', '2022-09-30 10:09:15', '2022-09-30 10:09:15', NULL),
( '0101', '0101-138S-SIST', NULL, 'Системы обеспечения', '2022-09-30 10:09:15', '2022-09-30 10:09:15', NULL),
( '0101', '0101-138S-ZDIS', 'ЗиС', 'Здания и сооружения', '2022-09-30 10:09:15', '2022-09-30 10:09:15', NULL),
( '0101', '0101-CATK-0PIK', NULL, 'Филиал, район "0" пикета', '2022-09-30 10:09:15', '2022-09-30 10:09:15', NULL),
( '0101', '0101-CATK-ADGR', NULL, 'Автодорога ул.Горная', '2022-09-30 10:09:15', '2022-09-30 10:09:15', NULL),
( '0101', '0101-CATK-ASMD', 'АСМД', 'АСМД', '2022-09-30 10:09:15', '2022-09-30 10:09:15', NULL),
( '0101', '0101-CATK-CNPL', NULL, 'Центральная площадка АТО "ЦАТК"', '2022-09-30 10:09:15', '2022-09-30 10:09:15', NULL),
( '0101', '0101-CATK-DOLG', NULL, 'Центральный район, район озера Долгое', '2022-09-30 10:09:15', '2022-09-30 10:09:15', NULL),
( '0101', '0101-CATK-ENER', NULL, 'ул. Энергетическая', '2022-09-30 10:09:15', '2022-09-30 10:09:15', NULL),
( '0101', '0101-CATK-KN01', 'К №1', 'Колонна №1', '2022-09-30 10:09:15', '2022-09-30 10:09:15', NULL),
( '0101', '0101-CATK-KN02', 'К №2', 'Колонна №2', '2022-09-30 10:09:15', '2022-09-30 10:09:15', NULL),
( '0101', '0101-CATK-KN03', 'К №3', 'Колонна №3', '2022-09-30 10:09:15', '2022-09-30 10:09:15', NULL),
( '0101', '0101-CATK-KN05', 'К №5', 'Колонна №5', '2022-09-30 10:09:15', '2022-09-30 10:09:15', NULL),
( '0101', '0101-CATK-KN06', 'К №6', 'Колонна №6', '2022-09-30 10:09:15', '2022-09-30 10:09:15', NULL),
( '0101', '0101-CATK-KN07', 'К №7', 'Колонна №7', '2022-09-30 10:09:15', '2022-09-30 10:09:15', NULL),
( '0101', '0101-CATK-LAMA', NULL, 'Берег о.Лама', '2022-09-30 10:09:15', '2022-09-30 10:09:15', NULL),
( '0101', '0101-CATK-MDVR', NULL, 'Район рудника "Медвежий ручей"', '2022-09-30 10:09:15', '2022-09-30 10:09:15', NULL),
( '0101', '0101-CATK-NORI', NULL, 'Причал на реке Норильской', '2022-09-30 10:09:15', '2022-09-30 10:09:15', NULL),
( '0101', '0101-CATK-OTV1', NULL, 'Промышленный отвал №1', '2022-09-30 10:09:15', '2022-09-30 10:09:15', NULL),
( '0101', '0101-CATK-OTV2', NULL, 'Промышленный отвал №2', '2022-09-30 10:09:15', '2022-09-30 10:09:15', NULL),
( '0101', '0101-CATK-RKAI', NULL, 'р-он Кайеркана', '2022-09-30 10:09:15', '2022-09-30 10:09:15', NULL),
( '0101', '0101-CATK-RNMZ', NULL, 'Район НМЗ', '2022-09-30 10:09:15', '2022-09-30 10:09:15', NULL),
( '0101', '0101-CATK-RNOR', NULL, 'в районе р. Норильской', '2022-09-30 10:09:15', '2022-09-30 10:09:15', NULL),
( '0101', '0101-CATK-RUZH', NULL, 'Район ул. Железнодорожной', '2022-09-30 10:09:15', '2022-09-30 10:09:15', NULL),
( '0101', '0101-CATK-RXKC', NULL, 'район ХКЦ', '2022-09-30 10:09:15', '2022-09-30 10:09:15', NULL),
( '0101', '0101-CATK-TEC3', NULL, 'район ТЭЦ-3', '2022-09-30 10:09:15', '2022-09-30 10:09:15', NULL),
( '0101', '0101-CATK-UADS', NULL, 'УАДиС', '2022-09-30 10:09:15', '2022-09-30 10:09:15', NULL),
( '0101', '0101-CATK-ZAVE', NULL, 'район пл. Завенягина', '2022-09-30 10:09:15', '2022-09-30 10:09:15', NULL),
( '0101', '0101-CDGN-CAL0', 'ЦАЛ', 'ЦАЛ', '2022-09-30 10:09:15', '2022-09-30 10:09:15', NULL),
( '0101', '0101-CDGN-CLN0', NULL, 'Центральная лаборатория надежности', '2022-09-30 10:09:15', '2022-09-30 10:09:15', NULL),
( '0101', '0101-CDGN-DGOB', NULL, 'Диагностическое оборудование', '2022-09-30 10:09:15', '2022-09-30 10:09:15', NULL),
( '0101', '0101-CDGN-GRST', NULL, 'Гараж-стоянка', '2022-09-30 10:09:15', '2022-09-30 10:09:15', NULL),
( '0101', '0101-CDGN-KOND', NULL, 'Кондиционеры', '2022-09-30 10:09:15', '2022-09-30 10:09:15', NULL),
( '0101', '0101-CDGN-LNRK', NULL, 'Лаборатория неразрушающего контроля', '2022-09-30 10:09:15', '2022-09-30 10:09:15', NULL),
( '0101', '0101-CDGN-LPVS', 'ЦЛПВС', 'ЦЛПВС', '2022-09-30 10:09:15', '2022-09-30 10:09:15', NULL),
( '0101', '0101-CDGN-PSMK', NULL, 'Помещения в зд. цеха металлоконструкций', '2022-09-30 10:09:15', '2022-09-30 10:09:15', NULL),
( '0101', '0101-CDGN-SSP0', 'ССП', 'ССП', '2022-09-30 10:09:15', '2022-09-30 10:09:15', NULL),
( '0101', '0101-CDGN-SVOB', NULL, 'Сварочное оборудование', '2022-09-30 10:09:15', '2022-09-30 10:09:15', NULL),
( '0101', '0101-CDGN-TOOB', NULL, 'Токарное оборудование', '2022-09-30 10:09:15', '2022-09-30 10:09:15', NULL),
( '0101', '0101-CDGN-ZKAU', NULL, 'Здание КАУ (ул. Октябрьская д.2)', '2022-09-30 10:09:15', '2022-09-30 10:09:15', NULL),
( '0101', '0101-CISP-GTL', NULL, 'Гидротехническая лаборатория', '2022-09-30 10:09:15', '2022-09-30 10:09:15', NULL),
( '0101', '0101-CISP-LIMZ', NULL, 'Лаб. инженерного сопровождения МЗ', '2022-09-30 10:09:15', '2022-09-30 10:09:15', NULL),
( '0101', '0101-CISP-LIOA', NULL, 'Лаб. инженерного сопровождения ОФ', '2022-09-30 10:09:15', '2022-09-30 10:09:15', NULL),
( '0101', '0101-CISP-LNMZ', NULL, 'Лаб. инженерного сопровождения НМЗ', '2022-09-30 10:09:15', '2022-09-30 10:09:15', NULL),
( '0101', '0101-CISP-LTSK', NULL, 'Лаб. инженерного сопровождения ТССК', '2022-09-30 10:09:15', '2022-09-30 10:09:15', NULL),
( '0101', '0101-CISP-LVHM', NULL, 'Лаб. вещественного и химического анализа', '2022-09-30 10:09:15', '2022-09-30 10:09:15', NULL),
( '0101', '0101-CISP-ONTI', NULL, 'Отдел научно-технической информации', '2022-09-30 10:09:15', '2022-09-30 10:09:15', NULL),
( '0101', '0101-CISP-OOP', NULL, 'Отдел обеспечения производства', '2022-09-30 10:09:15', '2022-09-30 10:09:15', NULL),
( '0101', '0101-CISP-OOPC', NULL, 'Отдел обеспечения производства', '2022-09-30 10:09:15', '2022-09-30 10:09:15', NULL),
( '0101', '0101-CNGS-GTLB', 'ГТЛ', 'ГТЛ', '2022-09-30 10:09:15', '2022-09-30 10:09:15', NULL),
( '0101', '0101-CNGS-OSND', 'ОСНД', 'ОСНД', '2022-09-30 10:09:15', '2022-09-30 10:09:15', NULL),
( '0101', '0101-GIVC-KAER', NULL, 'Норильск район Кайеркан', '2022-09-30 10:09:15', '2022-09-30 10:09:15', NULL),
( '0101', '0101-GIVC-NORL', NULL, 'Норильск', '2022-09-30 10:09:15', '2022-09-30 10:09:15', NULL),
( '0101', '0101-GIVC-TALN', NULL, 'Норильск район Талнах', '2022-09-30 10:09:15', '2022-09-30 10:09:15', NULL),
( '0101', '0101-GSSL-AVTO', NULL, 'Автомобили', '2022-09-30 10:09:15', '2022-09-30 10:09:15', NULL),
( '0101', '0101-GSSL-ENGS', NULL, 'Электрооборудование', '2022-09-30 10:09:15', '2022-09-30 10:09:15', NULL),
( '0101', '0101-GSSL-PBGS', NULL, 'Производственная база ГСС', '2022-09-30 10:09:15', '2022-09-30 10:09:15', NULL),
( '0101', '0101-GSSL-TSVS', NULL, 'ТЕПЛАЯ СТОЯНКА', '2022-09-30 10:09:15', '2022-09-30 10:09:15', NULL),
( '0101', '0101-KAU0-U001', 'ИАЦ БПиГО', 'ИАЦ БПиГО', '2022-09-30 10:09:15', '2022-09-30 10:09:15', NULL),
( '0101', '0101-KAU0-U002', NULL, 'Отдел учета и контр. кач-ва продуктов ГП', '2022-09-30 10:09:15', '2022-09-30 10:09:15', NULL),
( '0101', '0101-KAU0-U003', 'ИАЦ ФМА', 'ИАЦ ФМА', '2022-09-30 10:09:15', '2022-09-30 10:09:15', NULL),
( '0101', '0101-KAU0-U004', 'ОАСУ', 'ОАСУ', '2022-09-30 10:09:15', '2022-09-30 10:09:15', NULL),
( '0101', '0101-KAU0-U005', 'ОМУМП', 'ОМУМП', '2022-09-30 10:09:15', '2022-09-30 10:09:15', NULL),
( '0101', '0101-KAU0-U006', 'ОУиККГПиТП', 'ОУиККГПиТП', '2022-09-30 10:09:15', '2022-09-30 10:09:15', NULL),
( '0101', '0101-KAU0-U007', 'ООП', 'Отдел обеспечения производства', '2022-09-30 10:09:15', '2022-09-30 10:09:15', NULL),
( '0101', '0101-KAU0-U008', 'СЭВО', 'СЭВО', '2022-09-30 10:09:15', '2022-09-30 10:09:15', NULL),
( '0101', '0101-KAU0-U009', 'СЭЛО', 'СЭЛО', '2022-09-30 10:09:15', '2022-09-30 10:09:15', NULL),
( '0101', '0101-KAU0-U010', NULL, 'Метрологическая служба', '2022-09-30 10:09:15', '2022-09-30 10:09:15', NULL),
( '0101', '0101-KAU0-U011', 'ЦРЭК', 'ЦРЭК', '2022-09-30 10:09:15', '2022-09-30 10:09:15', NULL),
( '0101', '0101-MEDN-CASU', NULL, 'Участок обслуживания АСУ', '2022-09-30 10:09:15', '2022-09-30 10:09:15', NULL),
( '0101', '0101-MEDN-CELM', 'ЦЭМ', 'Цех электролиза меди', '2022-09-30 10:09:15', '2022-09-30 10:09:15', NULL),
( '0101', '0101-MEDN-CMET', 'МЦ', 'Металлургический цех', '2022-09-30 10:09:15', '2022-09-30 10:09:15', NULL),
( '0101', '0101-MEDN-COUG', NULL, 'Цех очистки и утилизации газов', '2022-09-30 10:09:15', '2022-09-30 10:09:15', NULL),
( '0101', '0101-MEDN-CPLA', 'ПЦ', 'Плавильный цех', '2022-09-30 10:09:15', '2022-09-30 10:09:15', NULL),
( '0101', '0101-MEDN-CSUH', 'СЦ', 'Сушильный цех', '2022-09-30 10:09:15', '2022-09-30 10:09:15', NULL),
( '0101', '0101-MEDN-UFMK', 'УФМК', 'УФМК', '2022-09-30 10:09:15', '2022-09-30 10:09:15', NULL),
( '0101', '0101-NMZK-U001', 'КС', 'Кислородная станция', '2022-09-30 10:09:15', '2022-09-30 10:09:15', NULL),
( '0101', '0101-NMZK-U002', 'КС-1', 'Кислородная станция-1', '2022-09-30 10:09:15', '2022-09-30 10:09:15', NULL),
( '0101', '0101-NMZK-U003', 'ПЦ-1', 'Плавильный цех-1', '2022-09-30 10:09:15', '2022-09-30 10:09:15', NULL),
( '0101', '0101-NMZK-U004', 'ЦОСК', 'ЦОСК', '2022-09-30 10:09:15', '2022-09-30 10:09:15', NULL),
( '0101', '0101-NMZK-U005', 'ЦПСиШ', 'ЦПСиШ', '2022-09-30 10:09:15', '2022-09-30 10:09:15', NULL),
( '0101', '0101-NMZK-U006', 'ЦПЭС-1', 'ЦПЭС-1', '2022-09-30 10:09:15', '2022-09-30 10:09:15', NULL),
( '0101', '0101-NMZK-U007', 'ЦХО', 'ЦХО', '2022-09-30 10:09:15', '2022-09-30 10:09:15', NULL),
( '0101', '0101-NMZK-U008', 'ЭЦ', 'Энергоцех', '2022-09-30 10:09:15', '2022-09-30 10:09:15', NULL),
( '0101', '0101-NMZK-U009', 'ЦЕХ КИПиА', 'ЦЕХ КИПиА', '2022-09-30 10:09:15', '2022-09-30 10:09:15', NULL),
( '0101', '0101-PESH-NB77', NULL, 'Норильская нефтебаза', '2022-09-30 10:09:15', '2022-09-30 10:09:15', NULL),
( '0101', '0101-PESH-NB78', NULL, 'Кайерканская нефтебаза', '2022-09-30 10:09:15', '2022-09-30 10:09:15', NULL),
( '0101', '0101-PESH-NB79', NULL, 'Дудинская нефтебаза', '2022-09-30 10:09:15', '2022-09-30 10:09:15', NULL),
( '0101', '0101-PESH-OMTO', 'ОМТО', 'ОМТО', '2022-09-30 10:09:15', '2022-09-30 10:09:15', NULL),
( '0101', '0101-PESH-PMRC', NULL, 'Цех переработки металлолома и возвр. МТР', '2022-09-30 10:09:15', '2022-09-30 10:09:15', NULL),
( '0101', '0101-PESH-PSGS', NULL, 'Цех переработки спецгрузов', '2022-09-30 10:09:15', '2022-09-30 10:09:15', NULL),
( '0101', '0101-PESH-TPC1', NULL, 'Товароперевалочный цех-1', '2022-09-30 10:09:15', '2022-09-30 10:09:15', NULL),
( '0101', '0101-PESH-TPC2', NULL, 'Товароперевалочный цех-2', '2022-09-30 10:09:15', '2022-09-30 10:09:15', NULL),
( '0101', '0101-PESH-TPC3', NULL, 'Товароперевалочный цех-3', '2022-09-30 10:09:15', '2022-09-30 10:09:15', NULL),
( '0101', '0101-PTBU-U001', NULL, 'Бюро промышленной безопасности и охраны', '2022-09-30 10:09:15', '2022-09-30 10:09:15', NULL),
( '0101', '0101-PTBU-U002', NULL, 'Кросс ГФП', '2022-09-30 10:09:15', '2022-09-30 10:09:15', NULL),
( '0101', '0101-PTBU-U003', NULL, 'Мастерская по ремонту Норильскавтоматика', '2022-09-30 10:09:15', '2022-09-30 10:09:15', NULL),
( '0101', '0101-PTBU-U004', 'ОГМ', 'Отдел главного механика', '2022-09-30 10:09:15', '2022-09-30 10:09:15', NULL),
( '0101', '0101-PTBU-U005', 'ПЭО', 'Отдел главного энергетика', '2022-09-30 10:09:15', '2022-09-30 10:09:15', NULL),
( '0101', '0101-PTBU-U006', NULL, 'Планово-экономическое бюро', '2022-09-30 10:09:15', '2022-09-30 10:09:15', NULL),
( '0101', '0101-PTBU-U007', 'ПУБР', 'Поверхностный участок буровых работ', '2022-09-30 10:09:15', '2022-09-30 10:09:15', NULL),
( '0101', '0101-PTBU-U008', NULL, 'Производственный отдел', '2022-09-30 10:09:15', '2022-09-30 10:09:15', NULL),
( '0101', '0101-PTBU-U009', 'ПТК АБК', 'ПТБ АБК холл (общий)', '2022-09-30 10:09:15', '2022-09-30 10:09:15', NULL),
( '0101', '0101-PTBU-U010', NULL, 'ПУБР рудника "Октябрьский"', '2022-09-30 10:09:15', '2022-09-30 10:09:15', NULL),
( '0101', '0101-PTBU-U011', NULL, 'ПУБР рудника "Таймырский"', '2022-09-30 10:09:15', '2022-09-30 10:09:15', NULL),
( '0101', '0101-PTBU-U012', NULL, 'ПУБР шахты "Комсомольская" рудника "Комс', '2022-09-30 10:09:15', '2022-09-30 10:09:15', NULL),
( '0101', '0101-PTBU-U013', NULL, 'ПУБР шахты "Скалистая" рудника "Комсомол', '2022-09-30 10:09:15', '2022-09-30 10:09:15', NULL),
( '0101', '0101-PTBU-U014', NULL, 'Руководство', '2022-09-30 10:09:15', '2022-09-30 10:09:15', NULL),
( '0101', '0101-PTBU-U015', 'ТехО', 'Технический отдел', '2022-09-30 10:09:15', '2022-09-30 10:09:15', NULL),
( '0101', '0101-PTBU-U016', NULL, 'Участок автоматизации и связи', '2022-09-30 10:09:15', '2022-09-30 10:09:15', NULL),
( '0101', '0101-PTBU-U017', NULL, 'Участок комплексного обслуживания буровы', '2022-09-30 10:09:15', '2022-09-30 10:09:15', NULL),
( '0101', '0101-PTBU-U018', 'УМТС', 'Участок материально-технического снабжен', '2022-09-30 10:09:15', '2022-09-30 10:09:15', NULL),
( '0101', '0101-PTBU-U019', NULL, 'Хозяйственный участок', '2022-09-30 10:09:15', '2022-09-30 10:09:15', NULL),
( '0101', '0101-PTBU-U020', NULL, 'Энергетический участок', '2022-09-30 10:09:15', '2022-09-30 10:09:15', NULL),
( '0101', '0101-PTZT-ASMD', 'АСМД', 'АСМД', '2022-09-30 10:09:15', '2022-09-30 10:09:15', NULL),
( '0101', '0101-PTZT-DVSC', NULL, 'Цех подвижного состава', '2022-09-30 10:09:15', '2022-09-30 10:09:15', NULL),
( '0101', '0101-PTZT-DZHC', NULL, 'Дудинский железнодорожный цех', '2022-09-30 10:09:15', '2022-09-30 10:09:15', NULL),
( '0101', '0101-PTZT-PSEX', NULL, 'Приемная СЭХ', '2022-09-30 10:09:15', '2022-09-30 10:09:15', NULL),
( '0101', '0101-PTZT-SLDV', NULL, 'Служба движения', '2022-09-30 10:09:15', '2022-09-30 10:09:15', NULL),
( '0101', '0101-PTZT-SLEN', NULL, 'Энергослужба', '2022-09-30 10:09:15', '2022-09-30 10:09:15', NULL),
( '0101', '0101-PTZT-SLPU', NULL, 'Служба пути', '2022-09-30 10:09:15', '2022-09-30 10:09:15', NULL),
( '0101', '0101-PTZT-SLSS', NULL, 'Служба сигнализации и связи', '2022-09-30 10:09:15', '2022-09-30 10:09:15', NULL),
( '0101', '0101-PTZT-SPTO', NULL, 'Служба подъемно-транспортного оборудован', '2022-09-30 10:09:15', '2022-09-30 10:09:15', NULL),
( '0101', '0101-PTZT-UPRV', NULL, 'Управление', '2022-09-30 10:09:15', '2022-09-30 10:09:15', NULL),
( '0101', '0101-RKOM-SHKO', NULL, 'Шахта "Комсомольская"', '2022-09-30 10:09:15', '2022-09-30 10:09:15', NULL),
( '0101', '0101-RMAY-SHMA', NULL, 'Шахта "Маяк"', '2022-09-30 10:09:15', '2022-09-30 10:09:15', NULL),
( '0101', '0101-ROKT-SHRO', NULL, 'Шахта р-ка "Октябрьский"', '2022-09-30 10:09:15', '2022-09-30 10:09:15', NULL),
( '0101', '0101-RSKL-SHSK', NULL, 'Шахта "Скалистая"', '2022-09-30 10:09:15', '2022-09-30 10:09:15', NULL),
( '0101', '0101-RTAI-SHRT', NULL, 'Шахта рудника "Таймырский"', '2022-09-30 10:09:15', '2022-09-30 10:09:15', NULL),
( '0101', '0101-SPGT-AUPR', 'АУ', 'Аппарат управления', '2022-09-30 10:09:15', '2022-09-30 10:09:15', NULL),
( '0101', '0101-SPGT-KOBR', 'УКОБР', 'УКОБР', '2022-09-30 10:09:15', '2022-09-30 10:09:15', NULL),
( '0101', '0101-SPGT-METR', NULL, 'Метрология ПУРСО СДО', '2022-09-30 10:09:15', '2022-09-30 10:09:15', NULL),
( '0101', '0101-SPGT-PMEU', 'ПМЭУ', 'ПМЭУ', '2022-09-30 10:09:15', '2022-09-30 10:09:15', NULL),
( '0101', '0101-SPGT-SDO1', NULL, 'ПУРСО СДО №1', '2022-09-30 10:09:15', '2022-09-30 10:09:15', NULL),
( '0101', '0101-SPGT-SDO2', NULL, 'ПУРСО СДО №2', '2022-09-30 10:09:15', '2022-09-30 10:09:15', NULL),
( '0101', '0101-SPGT-SDO4', NULL, 'ПУРСО СДО №4', '2022-09-30 10:09:15', '2022-09-30 10:09:15', NULL),
( '0101', '0101-SPGT-SDO5', NULL, 'ПУРСО СДО №5', '2022-09-30 10:09:15', '2022-09-30 10:09:15', NULL),
( '0101', '0101-SPGT-SDO6', NULL, 'ПУРСО СДО №6', '2022-09-30 10:09:15', '2022-09-30 10:09:15', NULL),
( '0101', '0101-SPGT-SDO7', NULL, 'ПУРСО СДО №7', '2022-09-30 10:09:15', '2022-09-30 10:09:15', NULL),
( '0101', '0101-SPGT-SDO9', NULL, 'ПУРСО СДО №9', '2022-09-30 10:09:15', '2022-09-30 10:09:15', NULL),
( '0101', '0101-SPGT-SMTO', 'СМТО', 'СМТО', '2022-09-30 10:09:15', '2022-09-30 10:09:15', NULL),
( '0101', '0101-SPGT-UKPR', 'УКПР', 'УКПР', '2022-09-30 10:09:15', '2022-09-30 10:09:15', NULL),
( '0101', '0101-TOF0-CDRB', 'ДЦ', 'Дробильный цех', '2022-09-30 10:09:15', '2022-09-30 10:09:15', NULL),
( '0101', '0101-TOF0-CGTS', 'ЦГТС и ГТ', 'ЦГТС и ГТ', '2022-09-30 10:09:15', '2022-09-30 10:09:15', NULL),
( '0101', '0101-TOF0-CIFC', 'ИФЦ', 'ИФЦ', '2022-09-30 10:09:15', '2022-09-30 10:09:15', NULL),
( '0101', '0101-TOF0-POGR', NULL, 'Периметральное ограждение', '2022-09-30 10:09:15', '2022-09-30 10:09:15', NULL),
( '0101', '0101-TOF0-UADP', NULL, 'Автодороги', '2022-09-30 10:09:15', '2022-09-30 10:09:15', NULL),
( '0101', '0101-TOF0-ZABK', 'АБК', 'АБК', '2022-09-30 10:09:15', '2022-09-30 10:09:15', NULL);

INSERT INTO public.fcos_spr ( business_org_code, plan_fabric, code, name, short_name, created_at, updated_at, deleted_at) VALUES 
('0200', '0210', 'B01', 'ДПБ', 'ДПБ', '2022-09-30 10:09:32', '2022-09-30 10:09:32', NULL),
('0200', '0210', 'B02', 'ДПБ УпрПожБез', 'УПБ', '2022-09-30 10:09:32', '2022-09-30 10:09:32', NULL),
('0200', '0210', 'D01', 'ДИТ', 'ДИТ', '2022-09-30 10:09:32', '2022-09-30 10:09:32', NULL),
('0200', '0210', 'D02', 'УпрА', 'УпрА', '2022-09-30 10:09:32', '2022-09-30 10:09:32', NULL),
('0200', '0210', 'D03', 'УЗИТ', 'УЗИТ', '2022-09-30 10:09:32', '2022-09-30 10:09:32', NULL),
('0200', '0210', 'E01', 'УГЭ', 'УГЭ', '2022-09-30 10:09:32', '2022-09-30 10:09:32', NULL),
('0200', '0210', 'F01', 'ТехУ', 'ТехУ', '2022-09-30 10:09:32', '2022-09-30 10:09:32', NULL),
('0200', '0210', 'K01', 'БКС ПН', 'БКС ПН', '2022-09-30 10:09:32', '2022-09-30 10:09:32', NULL),
('0200', '0210', 'M01', 'УГМ', 'УГМ', '2022-09-30 10:09:32', '2022-09-30 10:09:32', NULL),
( '0200', '0210', 'N01', 'ДТН', 'ДТН', '2022-09-30 10:09:32', '2022-09-30 10:09:32', NULL),
( '0200', '0210', 'P01', 'ДБ', 'ДБ', '2022-09-30 10:09:32', '2022-09-30 10:09:32', NULL),
( '0200', '0210', 'S01', 'ЦСО', 'ЦСО', '2022-09-30 10:09:32', '2022-09-30 10:09:32', NULL),
( '0200', '0210', 'T01', 'ТУ', 'ТУ', '2022-09-30 10:09:32', '2022-09-30 10:09:32', NULL),
( '0200', '0210', 'U01', 'УЭБ', 'УЭБ', '2022-09-30 10:09:32', '2022-09-30 10:09:32', NULL),
( '0200', '0210', 'W01', 'ГУ', 'ГУ', '2022-09-30 10:09:32', '2022-09-30 10:09:32', NULL),
( '4900', '300U', 'A30', 'УА', 'УА', '2022-09-30 10:09:32', '2022-09-30 10:09:32', NULL),
( '4900', '300U', 'A31', 'УА ИВТ', 'УА', '2022-09-30 10:09:32', '2022-09-30 10:09:32', NULL),
( '4900', '300U', 'A32', 'УА ППА', 'УА', '2022-09-30 10:09:32', '2022-09-30 10:09:32', NULL),
( '4900', '300U', 'A33', 'УА КИП', 'УА', '2022-09-30 10:09:32', '2022-09-30 10:09:32', NULL),
( '4900', '300U', 'A34', 'УА СиСА', 'УА', '2022-09-30 10:09:32', '2022-09-30 10:09:32', NULL),
( '4900', '300U', 'A35', 'УА СиСС', 'УА', '2022-09-30 10:09:32', '2022-09-30 10:09:32', NULL),
( '4900', '300U', 'E30', 'УГЭ', 'УГЭ', '2022-09-30 10:09:32', '2022-09-30 10:09:32', NULL),
( '4900', '300U', 'E31', 'УГЭ ЭН', 'УГЭ', '2022-09-30 10:09:32', '2022-09-30 10:09:32', NULL),
( '4900', '300U', 'E32', 'УГЭ ЭО', 'УГЭ', '2022-09-30 10:09:32', '2022-09-30 10:09:32', NULL),
( '4900', '300U', 'G30', 'ГГ', 'ГГ', '2022-09-30 10:09:32', '2022-09-30 10:09:32', NULL),
( '4900', '300U', 'M30', 'УГМ', 'УГМ', '2022-09-30 10:09:32', '2022-09-30 10:09:32', NULL),
( '4900', '300U', 'M31', 'УГМ ЗиС', 'УГМ', '2022-09-30 10:09:32', '2022-09-30 10:09:32', NULL),
( '4900', '300U', 'M32', 'УГМ ОБ', 'УГМ', '2022-09-30 10:09:32', '2022-09-30 10:09:32', NULL),
( '4900', '300U', 'M33', 'УГМ ДМиО', 'УГМ', '2022-09-30 10:09:32', '2022-09-30 10:09:32', NULL),
( '4900', '300U', 'M34', 'УГМ ПВС', 'УГМ', '2022-09-30 10:09:32', '2022-09-30 10:09:32', NULL),
( '4900', '300U', 'T30', 'ТУ', 'ТУ', '2022-09-30 10:09:32', '2022-09-30 10:09:32', NULL),
( '0101', '100U', 'A10', 'ДАиЦП', 'ДАиЦП', '2022-09-30 10:09:32', '2022-09-30 10:09:32', NULL),
( '0101', '100U', 'A11', 'ДАиЦППодряд', 'ДАиЦП', '2022-09-30 10:09:32', '2022-09-30 10:09:32', NULL),
( '0101', '100U', 'A12', 'ДАиЦПППА', 'ДАиЦП', '2022-09-30 10:09:32', '2022-09-30 10:09:32', NULL),
( '0101', '100U', 'A13', 'СМСПМетрология', 'ДАиЦП', '2022-09-30 10:09:32', '2022-09-30 10:09:32', NULL),
( '0101', '100U', 'E10', 'ДГЭ', 'ДГЭ', '2022-09-30 10:09:32', '2022-09-30 10:09:32', NULL),
( '0101', '100U', 'E11', 'ДГЭЭН', 'ДГЭ', '2022-09-30 10:09:32', '2022-09-30 10:09:32', NULL),
( '0101', '100U', 'E12', 'ДГЭЭО', 'ДГЭ', '2022-09-30 10:09:32', '2022-09-30 10:09:32', NULL),
( '0101', '100U', 'F10', 'ПОРПРО', 'ПОРПРО', '2022-09-30 10:09:32', '2022-09-30 10:09:32', NULL),
( '0101', '100U', 'G10', 'ЦУГТ', 'ЦУГТ', '2022-09-30 10:09:32', '2022-09-30 10:09:32', NULL),
( '0101', '100U', 'M10', 'ДГМ', 'ДГМ', '2022-09-30 10:09:32', '2022-09-30 10:09:32', NULL),
( '0101', '100U', 'M11', 'ДГМЗиС', 'ДГМ', '2022-09-30 10:09:32', '2022-09-30 10:09:32', NULL),
( '0101', '100U', 'M12', 'ДГМОБ', 'ДГМ', '2022-09-30 10:09:32', '2022-09-30 10:09:32', NULL),
( '0101', '100U', 'M13', 'ДГМОБГО', 'ДГМ', '2022-09-30 10:09:32', '2022-09-30 10:09:32', NULL),
( '0101', '100U', 'M14', 'ДГМПВС', 'ДГМ', '2022-09-30 10:09:32', '2022-09-30 10:09:32', NULL),
( '0101', '100U', 'M16', 'ДГМТО', 'ДГМ', '2022-09-30 10:09:32', '2022-09-30 10:09:32', NULL),
( '0101', '100U', 'M17', 'ДГММТР', 'ДГМ', '2022-09-30 10:09:32', '2022-09-30 10:09:32', NULL),
( '0101', '100U', 'T10', 'ТД', 'ТД', '2022-09-30 10:09:32', '2022-09-30 10:09:32', NULL),
( '0101', '100U', 'T11', 'ТДОтдж/дтран', 'ТД', '2022-09-30 10:09:32', '2022-09-30 10:09:32', NULL),
( '0101', '100U', 'T12', 'ТДОтдремтехн', 'ТД', '2022-09-30 10:09:32', '2022-09-30 10:09:32', NULL),
( '0101', '100U', 'T13', 'ТДУКРЖДТ', 'ТД', '2022-09-30 10:09:32', '2022-09-30 10:09:32', NULL),
( '0101', '100U', 'T14', 'ТДОтдУчМонАвто', 'ТД', '2022-09-30 10:09:32', '2022-09-30 10:09:32', NULL),
( '0101', '100U', 'Z10', 'ЦГТС', 'ЦГТС', '2022-09-30 10:09:32', '2022-09-30 10:09:32', NULL);

INSERT INTO public.damage_level_spr (code, name, min_damage_level, max_damage_level, created_at, updated_at, deleted_at) VALUES 
( '1', 'Потери отсутствуют', 0, 0, '2022-10-03 17:59:17', '2022-10-03 17:59:17', NULL),
( '2', 'Крайне низкий', 0, 0.1, '2022-10-03 17:59:17', '2022-10-03 17:59:17', NULL),
( '3', 'Низкий', 0.1, 0.5, '2022-10-03 17:59:17', '2022-10-03 17:59:17', NULL),
( '4', 'Средний', 0.5, 2, '2022-10-03 17:59:17', '2022-10-03 17:59:17', NULL),
( '5', 'Высокий', 2, 5, '2022-10-03 17:59:17', '2022-10-03 17:59:17', NULL),
( '6', 'Критический', 5, 100, '2022-10-03 17:59:17', '2022-10-03 17:59:17', NULL);

INSERT INTO public.equipment_types_spr (code, name, created_at, updated_at, deleted_at) VALUES
('B', 'Сооружения', '2022-09-30 10:11:01', '2022-09-30 10:11:01', NULL),
('D', 'Второстепенный ПА', '2022-09-30 10:11:01', '2022-09-30 10:11:01', NULL),
('I', 'Важ.обеспеч. ПА', '2022-09-30 10:11:01', '2022-09-30 10:11:01', NULL),
('M', 'Узел', '2022-09-30 10:11:01', '2022-09-30 10:11:01', NULL),
('N', 'Искл.из ранжирования', '2022-09-30 10:11:01', '2022-09-30 10:11:01', NULL),
('O', 'Основной ПА', '2022-09-30 10:11:01', '2022-09-30 10:11:01', NULL),
('V', 'Вспомогательный ПА', '2022-09-30 10:11:01', '2022-09-30 10:11:01', NULL),
('W', 'ОВСС Непром актив вне УПА', '2022-09-30 10:11:01', '2022-09-30 10:11:01', NULL),
('X', 'Актив сторонней организации', '2022-09-30 10:11:01', '2022-09-30 10:11:01', NULL),
( 'Y', 'Непром актив ФЦО УПА', '2022-09-30 10:11:01', '2022-09-30 10:11:01', NULL),
( 'Z', 'Здания', '2022-09-30 10:11:01', '2022-09-30 10:11:01', NULL);

INSERT INTO public.event_types_spr (code, invest_types_code, name, created_at, updated_at, deleted_at) VALUES 
('2ГН', NULL, 'Двухгодичная наладка', '2022-09-30 10:11:32', '2022-09-30 10:11:32', NULL),
('АВР', NULL, 'Аварийно-восстановител. работы', '2022-09-30 10:11:32', '2022-09-30 10:11:32', NULL),
('БНП', NULL, 'Быт на производстве', '2022-09-30 10:11:32', '2022-09-30 10:11:32', NULL),
('БТО', NULL, 'Базовое ТО ВС', '2022-09-30 10:11:32', '2022-09-30 10:11:32', NULL),
('ВПП', NULL, 'Восстановление после паводка', '2022-09-30 10:11:32', '2022-09-30 10:11:32', NULL),
('ВУ', NULL, 'Восстановление узлов', '2022-09-30 10:11:32', '2022-09-30 10:11:32', NULL),
('ГН', NULL, 'Годовая наладка', '2022-09-30 10:11:32', '2022-09-30 10:11:32', NULL),
('ГРД', NULL, 'Градуировка', '2022-09-30 10:11:32', '2022-09-30 10:11:32', NULL),
('ДЖ', NULL, 'Демонтаж с последующим испол.', '2022-09-30 10:11:32', '2022-09-30 10:11:32', NULL),
('ДМ', NULL, 'Демонтаж', '2022-09-30 10:11:32', '2022-09-30 10:11:32', NULL),
('ДО', NULL, 'Диагностика оборудования', '2022-09-30 10:11:32', '2022-09-30 10:11:32', NULL),
('ДР', 'КР', 'Деповской ремонт', '2022-09-30 10:11:32', '2022-09-30 10:11:32', NULL),
('ДУ', NULL, 'Диагностика узла', '2022-09-30 10:11:32', '2022-09-30 10:11:32', NULL),
('ЕО', NULL, 'Ежесменный осмотр', '2022-09-30 10:11:32', '2022-09-30 10:11:32', NULL),
('ЕТО', NULL, 'Ежесменное тех. обслуживание', '2022-09-30 10:11:32', '2022-09-30 10:11:32', NULL),
('ЗРМ', NULL, 'Запчасти РМЦ', '2022-09-30 10:11:32', '2022-09-30 10:11:32', NULL),
('ИЗ', NULL, 'Измерение', '2022-09-30 10:11:32', '2022-09-30 10:11:32', NULL),
('ИС', NULL, 'Испытание', '2022-09-30 10:11:32', '2022-09-30 10:11:32', NULL),
('ККР', 'ККР', 'ККР', '2022-09-30 10:11:32', '2022-09-30 10:11:32', NULL),
('КО', NULL, 'Консервация', '2022-09-30 10:11:32', '2022-09-30 10:11:32', NULL),
('КОМ', NULL, 'Комплексное обслуживание', '2022-09-30 10:11:32', '2022-09-30 10:11:32', NULL),
('КПР', NULL, 'Калибровка, поверка и ремонт', '2022-09-30 10:11:32', '2022-09-30 10:11:32', NULL),
('КР', 'КР', 'Капитальный ремонт', '2022-09-30 10:11:32', '2022-09-30 10:11:32', NULL),
('КР1', 'КР', 'Капитальный ремонт - 1', '2022-09-30 10:11:32', '2022-09-30 10:11:32', NULL),
('КР2', 'КР', 'Капитальный ремонт - 2', '2022-09-30 10:11:32', '2022-09-30 10:11:32', NULL),
('КР3', 'КР', 'Капитальный ремонт - 3', '2022-09-30 10:11:32', '2022-09-30 10:11:32', NULL),
('КР4', 'КР', 'Капитальный ремонт - 4', '2022-09-30 10:11:32', '2022-09-30 10:11:32', NULL),
('КРЛ', 'ККР', 'Кап.ремонт линейных объектов', '2022-09-30 10:11:32', '2022-09-30 10:11:32', NULL),
('КРР', 'ККР', 'КРР', '2022-09-30 10:11:32', '2022-09-30 10:11:32', NULL),
('КТГ', NULL, 'КТГ', '2022-09-30 10:11:32', '2022-09-30 10:11:32', NULL),
('МЕО', NULL, 'Метрологическое обеспечение', '2022-09-30 10:11:32', '2022-09-30 10:11:32', NULL),
('МКК', NULL, 'Мат-лы для ККР', '2022-09-30 10:11:32', '2022-09-30 10:11:32', NULL),
('МКЛ', NULL, 'Мат-лы для КРЛО', '2022-09-30 10:11:32', '2022-09-30 10:11:32', NULL),
('МКР', NULL, 'Мат-лы для КРР', '2022-09-30 10:11:32', '2022-09-30 10:11:32', NULL),
('МО', 'ОВИЗ', 'Монтаж', '2022-09-30 10:11:32', '2022-09-30 10:11:32', NULL),
('МС', NULL, 'Метрология с остановом', '2022-09-30 10:11:32', '2022-09-30 10:11:32', NULL),
('МТР', NULL, 'МТР', '2022-09-30 10:11:32', '2022-09-30 10:11:32', NULL),
('НАР', NULL, 'Наработка', '2022-09-30 10:11:32', '2022-09-30 10:11:32', NULL),
('НД', NULL, 'Наладка', '2022-09-30 10:11:32', '2022-09-30 10:11:32', NULL),
('НК', NULL, 'Неразрушающий контроль', '2022-09-30 10:11:32', '2022-09-30 10:11:32', NULL),
('О1', NULL, 'Технический осмотр - 1', '2022-09-30 10:11:32', '2022-09-30 10:11:32', NULL),
('О2', NULL, 'Технический осмотр - 2', '2022-09-30 10:11:32', '2022-09-30 10:11:32', NULL),
('О3', NULL, 'Технический осмотр - 3', '2022-09-30 10:11:32', '2022-09-30 10:11:32', NULL),
('О4', NULL, 'Технический осмотр - 4', '2022-09-30 10:11:32', '2022-09-30 10:11:32', NULL),
('ОБ', NULL, 'Обследование', '2022-09-30 10:11:32', '2022-09-30 10:11:32', NULL),
('ОВ', 'ОВИЗ', 'ОВИЗ', '2022-09-30 10:11:32', '2022-09-30 10:11:32', NULL),
('ОДО', NULL, 'Очередное доковое освидет-ие', '2022-09-30 10:11:32', '2022-09-30 10:11:32', NULL),
('ОЗ', NULL, 'Осмотр ЗиС', '2022-09-30 10:11:32', '2022-09-30 10:11:32', NULL),
('ОПД', NULL, 'Опер.обслуж. и дежурство', '2022-09-30 10:11:32', '2022-09-30 10:11:32', NULL),
('ОР', NULL, 'ОРЭП', '2022-09-30 10:11:32', '2022-09-30 10:11:32', NULL),
('ОС', NULL, 'Осмотр', '2022-09-30 10:11:32', '2022-09-30 10:11:32', NULL),
('ОСВ', NULL, 'Техническое освидетельствован.', '2022-09-30 10:11:32', '2022-09-30 10:11:32', NULL),
('ПВ', NULL, 'Профвосстановление', '2022-09-30 10:11:32', '2022-09-30 10:11:32', NULL),
('ПГН', NULL, 'Полугодовая наладка', '2022-09-30 10:11:32', '2022-09-30 10:11:32', NULL),
('ПДО', NULL, 'Промежуточное доковое освидет.', '2022-09-30 10:11:32', '2022-09-30 10:11:32', NULL),
('ПИР', NULL, 'Проектно-изыскательные работы', '2022-09-30 10:11:32', '2022-09-30 10:11:32', NULL),
('ПК', NULL, 'ПиК', '2022-09-30 10:11:32', '2022-09-30 10:11:32', NULL),
('ПЛ', NULL, 'Прокладка', '2022-09-30 10:11:32', '2022-09-30 10:11:32', NULL),
('ПН', NULL, 'Полная наладка', '2022-09-30 10:11:32', '2022-09-30 10:11:32', NULL),
('ПНР', 'ОВИЗ', 'Пуско-наладочные работы', '2022-09-30 10:11:32', '2022-09-30 10:11:32', NULL),
('ПП', NULL, 'Опробование', '2022-09-30 10:11:32', '2022-09-30 10:11:32', NULL),
('ППЗ', NULL, 'Полная проверка защит', '2022-09-30 10:11:32', '2022-09-30 10:11:32', NULL),
('ППК', NULL, 'Измер.показ.кач.электр.энергии', '2022-09-30 10:11:32', '2022-09-30 10:11:32', NULL),
('ППН', NULL, 'Предпусковая наладка', '2022-09-30 10:11:32', '2022-09-30 10:11:32', NULL),
('ПР', NULL, 'Присоединение', '2022-09-30 10:11:32', '2022-09-30 10:11:32', NULL),
('ПРВ', NULL, 'Проверка', '2022-09-30 10:11:32', '2022-09-30 10:11:32', NULL),
('ПРЧ', NULL, 'Прочее', '2022-09-30 10:11:32', '2022-09-30 10:11:32', NULL),
('ПСД', 'ОВИЗ', 'Проектно-сметная документация', '2022-09-30 10:11:32', '2022-09-30 10:11:32', NULL),
('ПФ', NULL, 'Профилактический контроль', '2022-09-30 10:11:32', '2022-09-30 10:11:32', NULL),
('ПШЛ', NULL, 'Пошлина', '2022-09-30 10:11:32', '2022-09-30 10:11:32', NULL),
('РАД', NULL, 'Радиационный контроль', '2022-09-30 10:11:32', '2022-09-30 10:11:32', NULL),
('РВ', NULL, 'Ревизия', '2022-09-30 10:11:32', '2022-09-30 10:11:32', NULL),
('РЕМ', 'ТР', 'Ремонт', '2022-09-30 10:11:32', '2022-09-30 10:11:32', NULL),
('РЗ', NULL, 'Ремонт ЗиС', '2022-09-30 10:11:32', '2022-09-30 10:11:32', NULL),
('РК', NULL, 'Расконсервация', '2022-09-30 10:11:32', '2022-09-30 10:11:32', NULL),
('РО1', NULL, 'Регламент.ремонтн.обслуживание', '2022-09-30 10:11:32', '2022-09-30 10:11:32', NULL),
('РЭН', NULL, 'Режимно-эксплуатац.наладка', '2022-09-30 10:11:32', '2022-09-30 10:11:32', NULL),
('СЗ', NULL, 'Сезонное обслуживание', '2022-09-30 10:11:32', '2022-09-30 10:11:32', NULL),
('СИ', NULL, 'Ремонт СИ', '2022-09-30 10:11:32', '2022-09-30 10:11:32', NULL),
('СЛА', NULL, 'SLA', '2022-09-30 10:11:32', '2022-09-30 10:11:32', NULL),
('СР', 'ТР', 'Средний ремонт', '2022-09-30 10:11:32', '2022-09-30 10:11:32', NULL),
('СРБ', 'ТР', 'Средний ремонт без осв.', '2022-09-30 10:11:32', '2022-09-30 10:11:32', NULL),
('СРВ', NULL, 'Сервисное обслуживание', '2022-09-30 10:11:32', '2022-09-30 10:11:32', NULL),
('СРП', 'ТР', 'Средний ремонт с покраской', '2022-09-30 10:11:32', '2022-09-30 10:11:32', NULL),
('Т1', NULL, 'Техническое обслуживание 1', '2022-09-30 10:11:32', '2022-09-30 10:11:32', NULL),
('Т2', NULL, 'Техническое обслуживание 2', '2022-09-30 10:11:32', '2022-09-30 10:11:32', NULL),
('ТН', NULL, 'Внеплановый текущий ремонт', '2022-09-30 10:11:32', '2022-09-30 10:11:32', NULL),
('ТО', NULL, 'Техническое обслуживание', '2022-09-30 10:11:32', '2022-09-30 10:11:32', NULL),
('ТО1', NULL, 'Техническое обслуживание - 1', '2022-09-30 10:11:32', '2022-09-30 10:11:32', NULL),
('ТО2', NULL, 'Техническое обслуживание - 2', '2022-09-30 10:11:32', '2022-09-30 10:11:32', NULL),
('ТО3', NULL, 'Техническое обслуживание - 3', '2022-09-30 10:11:32', '2022-09-30 10:11:32', NULL),
('ТО4', NULL, 'Техническое обслуживание - 4', '2022-09-30 10:11:32', '2022-09-30 10:11:32', NULL),
('ТО5', NULL, 'Техническое обслуживание - 5', '2022-09-30 10:11:32', '2022-09-30 10:11:32', NULL),
('ТО6', NULL, 'Техническое обслуживание - 6', '2022-09-30 10:11:32', '2022-09-30 10:11:32', NULL),
('ТОР', 'ТР', 'Текущий отцепочный ремонт', '2022-09-30 10:11:32', '2022-09-30 10:11:32', NULL),
('ТОС', NULL, 'Техническое обслуживание серв.', '2022-09-30 10:11:32', '2022-09-30 10:11:32', NULL),
('ТР', 'ТР', 'Текущий ремонт', '2022-09-30 10:11:32', '2022-09-30 10:11:32', NULL),
('ТР1', 'ТР', 'Текущий ремонт - 1', '2022-09-30 10:11:32', '2022-09-30 10:11:32', NULL),
('ТР2', 'ТР', 'Текущий ремонт - 2', '2022-09-30 10:11:32', '2022-09-30 10:11:32', NULL),
( 'ТР3', 'ТР', 'Текущий ремонт - 3', '2022-09-30 10:11:32', '2022-09-30 10:11:32', NULL),
( 'ТР4', 'ТР', 'Текущий ремонт - 4', '2022-09-30 10:11:32', '2022-09-30 10:11:32', NULL),
( 'ТР5', 'ТР', 'Текущий ремонт - 5', '2022-09-30 10:11:32', '2022-09-30 10:11:32', NULL),
( 'ТР6', 'ТР', 'Текущий ремонт - 6', '2022-09-30 10:11:32', '2022-09-30 10:11:32', NULL),
( 'ТР7', 'ТР', 'Текущий ремонт - 7', '2022-09-30 10:11:32', '2022-09-30 10:11:32', NULL),
( 'ТР8', 'ТР', 'Текущий ремонт - 8', '2022-09-30 10:11:32', '2022-09-30 10:11:32', NULL),
( 'ТР9', 'ТР', 'Текущий ремонт - 9', '2022-09-30 10:11:32', '2022-09-30 10:11:32', NULL),
( 'УРМ', NULL, 'Услуги РМЦ', '2022-09-30 10:11:32', '2022-09-30 10:11:32', NULL),
( 'УС', NULL, 'Установка', '2022-09-30 10:11:32', '2022-09-30 10:11:32', NULL),
( 'Х1', NULL, 'Техническое обслуживание - 50', '2022-09-30 10:11:32', '2022-09-30 10:11:32', NULL),
( 'Х10', 'КР', 'Техническое обслуживание-6000', '2022-09-30 10:11:32', '2022-09-30 10:11:32', NULL),
( 'Х11', 'КР', 'Техническое обслуживание-7000', '2022-09-30 10:11:32', '2022-09-30 10:11:32', NULL),
( 'Х12', 'КР', 'Техническое обслуживание-8000', '2022-09-30 10:11:32', '2022-09-30 10:11:32', NULL),
( 'Х13', 'КР', 'Техническое обслуживание-9000', '2022-09-30 10:11:32', '2022-09-30 10:11:32', NULL),
( 'Х14', 'КР', 'Техническое обслуживание-10000', '2022-09-30 10:11:32', '2022-09-30 10:11:32', NULL),
( 'Х15', 'КР', 'Техническое обслуживание-11000', '2022-09-30 10:11:32', '2022-09-30 10:11:32', NULL),
( 'Х16', 'КР', 'Техническое обслуживание 12000', '2022-09-30 10:11:32', '2022-09-30 10:11:32', NULL),
( 'Х2', NULL, 'Техническое обслуживание - 250', '2022-09-30 10:11:32', '2022-09-30 10:11:32', NULL),
( 'Х3', NULL, 'Техническое обслуживание - 500', '2022-09-30 10:11:32', '2022-09-30 10:11:32', NULL),
( 'Х4', NULL, 'Техническое обслуживание-500-1', '2022-09-30 10:11:32', '2022-09-30 10:11:32', NULL),
( 'Х5', NULL, 'Техническое обслуживание-1000', '2022-09-30 10:11:32', '2022-09-30 10:11:32', NULL),
( 'Х6', NULL, 'Техническое обслуживание-2000', '2022-09-30 10:11:32', '2022-09-30 10:11:32', NULL),
( 'Х7', 'ТР', 'Техническое обслуживание-3000', '2022-09-30 10:11:32', '2022-09-30 10:11:32', NULL),
( 'Х8', 'ТР', 'Техническое обслуживание-4000', '2022-09-30 10:11:32', '2022-09-30 10:11:32', NULL),
( 'Х9', 'ТР', 'Техническое обслуживание-5000', '2022-09-30 10:11:32', '2022-09-30 10:11:32', NULL),
( 'ЦПС', NULL, 'Сервис.обслужив. ЦПСиШ НМЗ', '2022-09-30 10:11:32', '2022-09-30 10:11:32', NULL),
( 'ЧН', NULL, 'Частичная наладка', '2022-09-30 10:11:32', '2022-09-30 10:11:32', NULL),
( 'ЧПЗ', NULL, 'Частичная проверка защит', '2022-09-30 10:11:32', '2022-09-30 10:11:32', NULL),
( 'ЭКС', NULL, 'Эксплуатация', '2022-09-30 10:11:32', '2022-09-30 10:11:32', NULL),
( 'ЭПБ', NULL, 'Экспертиза промышленной безопа', '2022-09-30 10:11:32', '2022-09-30 10:11:32', NULL),
( 'ЭПУ', NULL, 'Устранение замечаний ЭПБ', '2022-09-30 10:11:32', '2022-09-30 10:11:32', NULL);

INSERT INTO public.cost_types_spr (code, short_name, name, created_at, updated_at, deleted_at) VALUES
( 'СAPEX', 'СAPEX', 'Инвестиции', '2022-09-30 10:14:33', '2022-09-30 10:14:33', NULL),
( 'OPEX', 'OPEX', 'Операционные затраты', '2022-09-30 10:14:33', '2022-09-30 10:14:33', NULL);

INSERT INTO public.criticals_spr (code, name, created_at, updated_at, deleted_at) VALUES
( '1', 'Очень высокий', '2022-09-30 10:14:53', '2022-09-30 10:14:53', NULL),
( '2', 'Высокий', '2022-09-30 10:14:53', '2022-09-30 10:14:53', NULL),
( '3', 'Средний', '2022-09-30 10:14:53', '2022-09-30 10:14:53', NULL),
( '4', 'Низкий', '2022-09-30 10:14:53', '2022-09-30 10:14:53', NULL);

INSERT INTO public.reports_spr (code, name, created_at, updated_at, deleted_at) VALUES
('1', 'Отчет «Статистика о выполненных расчетах пользователями»', '2022-10-03 19:15:41', '2022-10-03 19:15:41', NULL),
('2', 'Отчет «Журнал регистрации событий в Системе»', '2022-10-03 19:15:41', '2022-10-03 19:15:41', NULL),
('3', 'Отчет «Лог выполнения эксперимента»', '2022-10-03 19:15:41', '2022-10-03 19:15:41', NULL),
('4', 'Выгрузка данных по производственному графу', '2022-10-03 19:15:41', '2022-10-03 19:15:41', NULL),
('5', 'Выгрузка данных по производственным показателям', '2022-10-03 19:15:41', '2022-10-03 19:15:41', NULL),
('6', 'Выгрузка данных о макроэкономических показателях', '2022-10-03 19:15:41', '2022-10-03 19:15:41', NULL),
('7', 'Выгрузка данных о себестоимости продуктов', '2022-10-03 19:15:41', '2022-10-03 19:15:41', NULL),
('8', 'Выгрузка инвестиционных мероприятий', '2022-10-03 19:15:41', '2022-10-03 19:15:41', NULL),
('9', 'Выгрузка операционных мероприятий', '2022-10-03 19:15:41', '2022-10-03 19:15:41', NULL),
( '10', 'Отчет «Ключевые показатели»', '2022-10-03 19:15:41', '2022-10-03 19:15:41', NULL),
( '11', 'Отчет «Перечень инвестиционных мероприятий (ККР, ОВИЗ, проекты КС), ранжированный по индексу риска»', '2022-10-03 19:15:41', '2022-10-03 19:15:41', NULL),
( '12', 'Отчет «Оценка рисков инвестиционных мероприятий с переносом сроков (ОВИЗ)»', '2022-10-03 19:15:41', '2022-10-03 19:15:41', NULL),
( '13', 'Отчет «Расчет стоимости дня простоя передела»', '2022-10-03 19:15:41', '2022-10-03 19:15:41', NULL),
( '14', 'Отчет «Расчет синергетического эффекта потери EBITDA  при простое нескольких переделов»', '2022-10-03 19:15:41', '2022-10-03 19:15:41', NULL),
( '15', 'Отчет «Верификация реестра ТПР»', '2022-10-03 19:15:41', '2022-10-03 19:15:41', NULL),
( '16', 'Отчет «Расчет синергетического эффекта ТПР»', '2022-10-03 19:15:41', '2022-10-03 19:15:41', NULL),
( '17', 'Отчет «Расчет стоимости часа простоя передела»', '2022-10-03 19:15:41', '2022-10-03 19:15:41', NULL),
( '18', 'Отчет «Оптимизация расходов операционных мероприятий»', '2022-10-03 19:15:41', '2022-10-03 19:15:41', NULL),
( '19', 'Отчет «Прогноз затрат и рисков»', '2022-10-03 19:15:41', '2022-10-03 19:15:41', NULL);

INSERT INTO public.business_algorythms_spr (short_name, name, code, params, created_at, updated_at, deleted_at) VALUES
( 'РУЧНОЕУПРПРОСТОЕМ', 'Ручное управление простоем переделов', 'MANUAL', '{"params": {"visual": "on", "text": {"data": "Click Here", "size": 36, "style": "bold", "name": "text1", "hOffset": 250, "vOffset": 100, "alignment": "center", "onMouseUp": "sun1.opacity = (sun1.opacity / 100) * 90;"}}}', '2022-10-03 19:39:00', '2022-10-03 19:39:00', NULL),
( 'ПРОСТОИПОСПИСКУ', 'Простои переделов по списку событий', 'LISTEVENT', NULL, '2022-10-03 19:39:00', '2022-10-03 19:39:00', NULL),
( 'РАНЖИНВЕСТ', 'Ранжирование инвестиционных мероприятий', 'RANGINVEST', NULL, '2022-10-03 19:39:00', '2022-10-03 19:39:00', NULL),
( 'ОПЕРАЦЗАТРАТЫ', 'Операционные затраты (оптимизация и прогноз)', 'OPERATCOST', NULL, '2022-10-03 19:39:00', '2022-10-03 19:39:00', NULL),
( 'РАСЧЕТСТОИМДНЯ', 'Расчет стоимости дня простоя передела', 'COSTDAY', NULL, '2022-10-03 19:39:00', '2022-10-03 19:39:00', NULL),
( 'РАСЧЕТСТОИМЧАСА', 'Расчет стоимости часа простоя оборудования', 'COSTHOUR', NULL, '2022-10-03 19:39:00', '2022-10-03 19:39:00', NULL),
( 'ВЕРИФТПР', 'Верификация реестра ТПР', 'REESTRTPR', NULL, '2022-10-03 19:39:00', '2022-10-03 19:39:00', NULL);

INSERT INTO public.index_score_level_spr (set_id, score, index_level_depreciation, index_level_ebitda_loss, created_at, updated_at, deleted_at) VALUES
( 1, 1000, 80, 5, '2022-10-03 19:45:05', '2022-10-03 19:45:05', NULL),
( 1, 100, 60, 2, '2022-10-03 19:45:05', '2022-10-03 19:45:05', NULL),
( 1, 10, 40, 0.5, '2022-10-03 19:45:05', '2022-10-03 19:45:05', NULL),
( 1, 1, 20, 0.1, '2022-10-03 19:45:05', '2022-10-03 19:45:05', NULL),
( 1, 0, 0, 0, '2022-10-03 19:45:05', '2022-10-03 19:45:05', NULL);

INSERT INTO public.logical_nodes_spr (node_code, node_type, business_org_code, production_unit_code, redev_code, node_name, target_node_code, influence_coefficient, created_at, updated_at, deleted_at) VALUES 
('L1-104W', 'L', '0101', '0101-TOF0', 'TO-104W', 'ПНС-1', 'TO-104W_TF-102W_Ht_1', 100, '2022-10-18 12:52:06', '2022-10-18 12:52:06', NULL),
('L1-104W', 'L', '0101', '0101-TOF0', 'TO-104W', 'ПНС-1', 'TO-104W_SN-105W_Ht_1', 100, '2022-10-18 12:52:06', '2022-10-18 12:52:06', NULL),
('L1-104W', 'L', '0101', '0101-TOF0', 'TO-104W', 'ПНС-1', 'TO-104W_GN-105W_Ht_1', 100, '2022-10-18 12:52:06', '2022-10-18 12:52:06', NULL),
('L2-104W', 'L', '0101', '0101-TOF0', 'TO-104W', 'ПНС-2', 'TO-104W_SN-105W_Ht_1', 100, '2022-10-18 12:52:06', '2022-10-18 12:52:06', NULL),
('L2-104W', 'L', '0101', '0101-TOF0', 'TO-104W', 'ПНС-2', 'TO-104W_GN-105W_Ht_1', 100, '2022-10-18 12:52:06', '2022-10-18 12:52:06', NULL),
('L2-104W', 'L', '0101', '0101-TOF0', 'TO-104W', 'ПНС-2', 'IF-301W_SN-105W_Ht_1', 100, '2022-10-18 12:52:06', '2022-10-18 12:52:06', NULL),
('L3-600U', 'L', '0102', '0102-2000', NULL, 'ЗТФ', 'MP-600U_PM-102W_Ri_1', 100, '2022-10-18 12:52:06', '2022-10-18 12:52:06', NULL),
('L3-600U', 'L', '0102', '0102-2000', NULL, 'ЗТФ', 'MP-600U_ON-105W_Ri_1', 100, '2022-10-18 12:52:06', '2022-10-18 12:52:06', NULL),
('L3-600U', 'L', '0102', '0102-2000', NULL, 'ЗТФ', 'MP-600U_CN-105W_Ri_1', 100, '2022-10-18 12:52:06', '2022-10-18 12:52:06', NULL),
( 'L3-600U', 'L', '0102', '0102-2000', NULL, 'ЗТФ', 'CN-105W_MP-600U_Ri_1', 100, '2022-10-18 12:52:06', '2022-10-18 12:52:06', NULL),
( 'L4-115S', 'L', '0101', '0101-RKOM', NULL, 'Нулевой пикет', '1013049_IF-301W_Ri_1', 100, '2022-10-18 12:52:06', '2022-10-18 12:52:06', NULL),
( 'L4-115S', 'L', '0101', '0101-RKOM', NULL, 'Нулевой пикет', '1013050_IF-301W_Ri_1', 100, '2022-10-18 12:52:06', '2022-10-18 12:52:06', NULL),
( 'L4-115S', 'L', '0101', '0101-RKOM', NULL, 'Нулевой пикет', '1013047_IF-301W_Ri_1', 100, '2022-10-18 12:52:06', '2022-10-18 12:52:06', NULL);
